,timestamp,Actiwatch activity counts,Actiware classification,Apple Watch ENMO,ELMO_before,ELMO_after
1,18/01/2000 00:21:15,121.0,,0.028,0.049,0.037
2,18/01/2000 00:21:30,70.0,1.0,0.037,0.028,0.07
3,18/01/2000 00:21:45,105.0,1.0,0.07,0.037,0.072
4,18/01/2000 00:22:00,50.0,1.0,0.072,0.07,0.08
5,18/01/2000 00:22:15,42.0,1.0,0.08,0.072,0.077
6,18/01/2000 00:22:30,46.0,1.0,0.077,0.08,1.187
7,18/01/2000 00:22:45,361.0,1.0,1.187,0.077,0.277
8,18/01/2000 00:23:00,129.0,1.0,0.277,1.187,0.003
9,18/01/2000 00:23:15,0.0,1.0,0.003,0.277,0.084
10,18/01/2000 00:23:30,144.0,1.0,0.084,0.003,0.002
11,18/01/2000 00:23:45,0.0,1.0,0.002,0.084,0.004
12,18/01/2000 00:24:00,3.0,1.0,0.004,0.002,0.002
13,18/01/2000 00:24:15,0.0,1.0,0.002,0.004,0.002
14,18/01/2000 00:24:30,0.0,1.0,0.002,0.002,0.002
15,18/01/2000 00:24:45,0.0,0.0,0.002,0.002,0.002
16,18/01/2000 00:25:00,0.0,0.0,0.002,0.002,0.002
17,18/01/2000 00:25:15,0.0,0.0,0.002,0.002,0.023
18,18/01/2000 00:25:30,25.0,1.0,0.023,0.002,0.003
19,18/01/2000 00:25:45,0.0,0.0,0.003,0.023,0.003
20,18/01/2000 00:26:00,0.0,0.0,0.003,0.003,0.007
21,18/01/2000 00:26:15,0.0,0.0,0.007,0.003,0.003
22,18/01/2000 00:26:30,0.0,0.0,0.003,0.007,0.003
23,18/01/2000 00:26:45,0.0,0.0,0.003,0.003,0.004
24,18/01/2000 00:27:00,0.0,0.0,0.004,0.003,0.003
25,18/01/2000 00:27:15,0.0,0.0,0.003,0.004,0.003
26,18/01/2000 00:27:30,0.0,0.0,0.003,0.003,0.003
27,18/01/2000 00:27:45,0.0,0.0,0.003,0.003,0.003
28,18/01/2000 00:28:00,0.0,0.0,0.003,0.003,0.003
29,18/01/2000 00:28:15,0.0,0.0,0.003,0.003,0.003
30,18/01/2000 00:28:30,0.0,0.0,0.003,0.003,0.003
31,18/01/2000 00:28:45,0.0,0.0,0.003,0.003,0.003
32,18/01/2000 00:29:00,0.0,0.0,0.003,0.003,0.003
33,18/01/2000 00:29:15,0.0,0.0,0.003,0.003,0.003
34,18/01/2000 00:29:30,0.0,0.0,0.003,0.003,0.003
35,18/01/2000 00:29:45,0.0,0.0,0.003,0.003,0.003
36,18/01/2000 00:30:00,0.0,0.0,0.003,0.003,0.003
37,18/01/2000 00:30:15,0.0,0.0,0.003,0.003,0.003
38,18/01/2000 00:30:30,0.0,0.0,0.003,0.003,0.003
39,18/01/2000 00:30:45,0.0,0.0,0.003,0.003,0.003
40,18/01/2000 00:31:00,0.0,0.0,0.003,0.003,0.003
41,18/01/2000 00:31:15,0.0,0.0,0.003,0.003,0.003
42,18/01/2000 00:31:30,0.0,0.0,0.003,0.003,0.004
43,18/01/2000 00:31:45,0.0,0.0,0.004,0.003,0.022
44,18/01/2000 00:32:00,7.0,0.0,0.022,0.004,0.003
45,18/01/2000 00:32:15,0.0,0.0,0.003,0.022,0.003
46,18/01/2000 00:32:30,0.0,0.0,0.003,0.003,0.003
47,18/01/2000 00:32:45,0.0,0.0,0.003,0.003,0.003
48,18/01/2000 00:33:00,0.0,0.0,0.003,0.003,0.003
49,18/01/2000 00:33:15,0.0,0.0,0.003,0.003,0.003
50,18/01/2000 00:33:30,0.0,0.0,0.003,0.003,0.003
51,18/01/2000 00:33:45,0.0,0.0,0.003,0.003,0.003
52,18/01/2000 00:34:00,0.0,0.0,0.003,0.003,0.003
53,18/01/2000 00:34:15,0.0,0.0,0.003,0.003,0.012
54,18/01/2000 00:34:30,18.0,1.0,0.012,0.003,0.003
55,18/01/2000 00:34:45,0.0,0.0,0.003,0.012,0.003
56,18/01/2000 00:35:00,0.0,0.0,0.003,0.003,0.003
57,18/01/2000 00:35:15,0.0,0.0,0.003,0.003,0.003
58,18/01/2000 00:35:30,0.0,0.0,0.003,0.003,0.003
59,18/01/2000 00:35:45,0.0,0.0,0.003,0.003,0.003
60,18/01/2000 00:36:00,0.0,0.0,0.003,0.003,0.003
61,18/01/2000 00:36:15,0.0,0.0,0.003,0.003,0.003
62,18/01/2000 00:36:30,0.0,0.0,0.003,0.003,0.003
63,18/01/2000 00:36:45,0.0,0.0,0.003,0.003,0.003
64,18/01/2000 00:37:00,0.0,0.0,0.003,0.003,0.003
65,18/01/2000 00:37:15,0.0,0.0,0.003,0.003,0.003
66,18/01/2000 00:37:30,0.0,0.0,0.003,0.003,0.003
67,18/01/2000 00:37:45,0.0,0.0,0.003,0.003,0.015
68,18/01/2000 00:38:00,10.0,1.0,0.015,0.003,0.003
69,18/01/2000 00:38:15,0.0,0.0,0.003,0.015,0.002
70,18/01/2000 00:38:30,0.0,0.0,0.002,0.003,0.002
71,18/01/2000 00:38:45,0.0,0.0,0.002,0.002,0.002
72,18/01/2000 00:39:00,0.0,0.0,0.002,0.002,0.002
73,18/01/2000 00:39:15,0.0,0.0,0.002,0.002,0.003
74,18/01/2000 00:39:30,0.0,0.0,0.003,0.002,0.002
75,18/01/2000 00:39:45,0.0,0.0,0.002,0.003,0.009
76,18/01/2000 00:40:00,17.0,1.0,0.009,0.002,0.005
77,18/01/2000 00:40:15,0.0,0.0,0.005,0.009,0.006
78,18/01/2000 00:40:30,0.0,0.0,0.006,0.005,0.005
79,18/01/2000 00:40:45,0.0,0.0,0.005,0.006,0.005
80,18/01/2000 00:41:00,0.0,0.0,0.005,0.005,0.01
81,18/01/2000 00:41:15,6.0,0.0,0.01,0.005,0.005
82,18/01/2000 00:41:30,0.0,0.0,0.005,0.01,0.005
83,18/01/2000 00:41:45,0.0,0.0,0.005,0.005,0.013
84,18/01/2000 00:42:00,11.0,1.0,0.013,0.005,0.005
85,18/01/2000 00:42:15,0.0,0.0,0.005,0.013,0.005
86,18/01/2000 00:42:30,0.0,0.0,0.005,0.005,0.005
87,18/01/2000 00:42:45,0.0,0.0,0.005,0.005,0.006
88,18/01/2000 00:43:00,0.0,0.0,0.006,0.005,0.005
89,18/01/2000 00:43:15,0.0,0.0,0.005,0.006,0.005
90,18/01/2000 00:43:30,0.0,0.0,0.005,0.005,0.008
91,18/01/2000 00:43:45,5.0,0.0,0.008,0.005,0.005
92,18/01/2000 00:44:00,0.0,0.0,0.005,0.008,0.012
93,18/01/2000 00:44:15,8.0,0.0,0.012,0.005,0.005
94,18/01/2000 00:44:30,0.0,0.0,0.005,0.012,0.005
95,18/01/2000 00:44:45,0.0,0.0,0.005,0.005,0.006
96,18/01/2000 00:45:00,0.0,0.0,0.006,0.005,0.006
97,18/01/2000 00:45:15,0.0,0.0,0.006,0.006,0.005
98,18/01/2000 00:45:30,0.0,0.0,0.005,0.006,0.009
99,18/01/2000 00:45:45,8.0,1.0,0.009,0.005,0.003
100,18/01/2000 00:46:00,0.0,0.0,0.003,0.009,0.003
101,18/01/2000 00:46:15,0.0,0.0,0.003,0.003,0.02
102,18/01/2000 00:46:30,40.0,1.0,0.02,0.003,0.041
103,18/01/2000 00:46:45,50.0,1.0,0.041,0.02,0.007
104,18/01/2000 00:47:00,8.0,1.0,0.007,0.041,0.005
105,18/01/2000 00:47:15,0.0,0.0,0.005,0.007,0.004
106,18/01/2000 00:47:30,0.0,0.0,0.004,0.005,0.005
107,18/01/2000 00:47:45,0.0,0.0,0.005,0.004,0.004
108,18/01/2000 00:48:00,0.0,0.0,0.004,0.005,0.004
109,18/01/2000 00:48:15,0.0,0.0,0.004,0.004,0.005
110,18/01/2000 00:48:30,0.0,0.0,0.005,0.004,0.004
111,18/01/2000 00:48:45,0.0,0.0,0.004,0.005,0.004
112,18/01/2000 00:49:00,0.0,0.0,0.004,0.004,0.005
113,18/01/2000 00:49:15,0.0,0.0,0.005,0.004,0.005
114,18/01/2000 00:49:30,0.0,0.0,0.005,0.005,0.029
115,18/01/2000 00:49:45,52.0,1.0,0.029,0.005,0.006
116,18/01/2000 00:50:00,0.0,0.0,0.006,0.029,0.006
117,18/01/2000 00:50:15,0.0,0.0,0.006,0.006,0.006
118,18/01/2000 00:50:30,0.0,0.0,0.006,0.006,0.006
119,18/01/2000 00:50:45,0.0,0.0,0.006,0.006,0.014
120,18/01/2000 00:51:00,23.0,1.0,0.014,0.006,0.006
121,18/01/2000 00:51:15,0.0,0.0,0.006,0.014,0.006
122,18/01/2000 00:51:30,0.0,0.0,0.006,0.006,0.006
123,18/01/2000 00:51:45,0.0,0.0,0.006,0.006,0.006
124,18/01/2000 00:52:00,0.0,0.0,0.006,0.006,0.006
125,18/01/2000 00:52:15,0.0,0.0,0.006,0.006,0.007
126,18/01/2000 00:52:30,0.0,0.0,0.007,0.006,0.005
127,18/01/2000 00:52:45,0.0,0.0,0.005,0.007,0.006
128,18/01/2000 00:53:00,0.0,0.0,0.006,0.005,0.006
129,18/01/2000 00:53:15,0.0,0.0,0.006,0.006,0.006
130,18/01/2000 00:53:30,0.0,0.0,0.006,0.006,0.005
131,18/01/2000 00:53:45,0.0,0.0,0.005,0.006,0.006
132,18/01/2000 00:54:00,0.0,0.0,0.006,0.005,0.005
133,18/01/2000 00:54:15,0.0,0.0,0.005,0.006,0.006
134,18/01/2000 00:54:30,0.0,0.0,0.006,0.005,0.006
135,18/01/2000 00:54:45,0.0,0.0,0.006,0.006,0.006
136,18/01/2000 00:55:00,0.0,0.0,0.006,0.006,0.005
137,18/01/2000 00:55:15,0.0,0.0,0.005,0.006,0.005
138,18/01/2000 00:55:30,0.0,0.0,0.005,0.005,0.011
139,18/01/2000 00:55:45,13.0,1.0,0.011,0.005,0.006
140,18/01/2000 00:56:00,0.0,0.0,0.006,0.011,0.028
141,18/01/2000 00:56:15,34.0,1.0,0.028,0.006,0.006
142,18/01/2000 00:56:30,0.0,0.0,0.006,0.028,0.006
143,18/01/2000 00:56:45,0.0,0.0,0.006,0.006,0.006
144,18/01/2000 00:57:00,0.0,0.0,0.006,0.006,0.006
145,18/01/2000 00:57:15,0.0,0.0,0.006,0.006,0.008
146,18/01/2000 00:57:30,0.0,0.0,0.008,0.006,0.011
147,18/01/2000 00:57:45,9.0,0.0,0.011,0.008,0.002
148,18/01/2000 00:58:00,0.0,0.0,0.002,0.011,0.002
149,18/01/2000 00:58:15,0.0,0.0,0.002,0.002,0.002
150,18/01/2000 00:58:30,0.0,0.0,0.002,0.002,0.002
151,18/01/2000 00:58:45,0.0,0.0,0.002,0.002,0.002
152,18/01/2000 00:59:00,0.0,0.0,0.002,0.002,0.002
153,18/01/2000 00:59:15,0.0,0.0,0.002,0.002,0.002
154,18/01/2000 00:59:30,0.0,0.0,0.002,0.002,0.002
155,18/01/2000 00:59:45,0.0,0.0,0.002,0.002,0.002
156,18/01/2000 01:00:00,0.0,0.0,0.002,0.002,0.002
157,18/01/2000 01:00:15,0.0,0.0,0.002,0.002,0.002
158,18/01/2000 01:00:30,0.0,0.0,0.002,0.002,0.002
159,18/01/2000 01:00:45,0.0,0.0,0.002,0.002,0.002
160,18/01/2000 01:01:00,0.0,0.0,0.002,0.002,0.003
161,18/01/2000 01:01:15,0.0,0.0,0.003,0.002,0.002
162,18/01/2000 01:01:30,0.0,0.0,0.002,0.003,0.002
163,18/01/2000 01:01:45,0.0,0.0,0.002,0.002,0.002
164,18/01/2000 01:02:00,0.0,0.0,0.002,0.002,0.002
165,18/01/2000 01:02:15,0.0,0.0,0.002,0.002,0.002
166,18/01/2000 01:02:30,0.0,0.0,0.002,0.002,0.009
167,18/01/2000 01:02:45,6.0,0.0,0.009,0.002,0.002
168,18/01/2000 01:03:00,0.0,0.0,0.002,0.009,0.002
169,18/01/2000 01:03:15,0.0,0.0,0.002,0.002,0.002
170,18/01/2000 01:03:30,0.0,0.0,0.002,0.002,0.002
171,18/01/2000 01:03:45,0.0,0.0,0.002,0.002,0.002
172,18/01/2000 01:04:00,0.0,0.0,0.002,0.002,0.002
173,18/01/2000 01:04:15,0.0,0.0,0.002,0.002,0.002
174,18/01/2000 01:04:30,0.0,0.0,0.002,0.002,0.002
175,18/01/2000 01:04:45,0.0,0.0,0.002,0.002,0.002
176,18/01/2000 01:05:00,0.0,0.0,0.002,0.002,0.002
177,18/01/2000 01:05:15,0.0,0.0,0.002,0.002,0.002
178,18/01/2000 01:05:30,0.0,0.0,0.002,0.002,0.002
179,18/01/2000 01:05:45,0.0,0.0,0.002,0.002,0.002
180,18/01/2000 01:06:00,0.0,0.0,0.002,0.002,0.002
181,18/01/2000 01:06:15,0.0,0.0,0.002,0.002,0.002
182,18/01/2000 01:06:30,0.0,0.0,0.002,0.002,0.002
183,18/01/2000 01:06:45,0.0,0.0,0.002,0.002,0.002
184,18/01/2000 01:07:00,0.0,0.0,0.002,0.002,0.002
185,18/01/2000 01:07:15,0.0,0.0,0.002,0.002,0.003
186,18/01/2000 01:07:30,3.0,0.0,0.003,0.002,0.002
187,18/01/2000 01:07:45,0.0,0.0,0.002,0.003,0.002
188,18/01/2000 01:08:00,0.0,0.0,0.002,0.002,0.002
189,18/01/2000 01:08:15,0.0,0.0,0.002,0.002,0.002
190,18/01/2000 01:08:30,0.0,0.0,0.002,0.002,0.002
191,18/01/2000 01:08:45,0.0,0.0,0.002,0.002,0.002
192,18/01/2000 01:09:00,0.0,0.0,0.002,0.002,0.002
193,18/01/2000 01:09:15,0.0,0.0,0.002,0.002,0.002
194,18/01/2000 01:09:30,0.0,0.0,0.002,0.002,0.002
195,18/01/2000 01:09:45,0.0,0.0,0.002,0.002,0.002
196,18/01/2000 01:10:00,0.0,0.0,0.002,0.002,0.002
197,18/01/2000 01:10:15,0.0,0.0,0.002,0.002,0.002
198,18/01/2000 01:10:30,0.0,0.0,0.002,0.002,0.002
199,18/01/2000 01:10:45,0.0,0.0,0.002,0.002,0.002
200,18/01/2000 01:11:00,0.0,0.0,0.002,0.002,0.002
201,18/01/2000 01:11:15,0.0,0.0,0.002,0.002,0.002
202,18/01/2000 01:11:30,0.0,0.0,0.002,0.002,0.002
203,18/01/2000 01:11:45,0.0,0.0,0.002,0.002,0.002
204,18/01/2000 01:12:00,0.0,0.0,0.002,0.002,0.031
205,18/01/2000 01:12:15,46.0,1.0,0.031,0.002,0.006
206,18/01/2000 01:12:30,0.0,0.0,0.006,0.031,0.006
207,18/01/2000 01:12:45,0.0,0.0,0.006,0.006,0.006
208,18/01/2000 01:13:00,0.0,0.0,0.006,0.006,0.006
209,18/01/2000 01:13:15,0.0,0.0,0.006,0.006,0.006
210,18/01/2000 01:13:30,0.0,0.0,0.006,0.006,0.006
211,18/01/2000 01:13:45,0.0,0.0,0.006,0.006,0.006
212,18/01/2000 01:14:00,0.0,0.0,0.006,0.006,0.005
213,18/01/2000 01:14:15,0.0,0.0,0.005,0.006,0.006
214,18/01/2000 01:14:30,0.0,0.0,0.006,0.005,0.006
215,18/01/2000 01:14:45,0.0,0.0,0.006,0.006,0.006
216,18/01/2000 01:15:00,0.0,0.0,0.006,0.006,0.006
217,18/01/2000 01:15:15,0.0,0.0,0.006,0.006,0.006
218,18/01/2000 01:15:30,0.0,0.0,0.006,0.006,0.036
219,18/01/2000 01:15:45,19.0,1.0,0.036,0.006,0.081
220,18/01/2000 01:16:00,97.0,1.0,0.081,0.036,0.008
221,18/01/2000 01:16:15,0.0,0.0,0.008,0.081,0.011
222,18/01/2000 01:16:30,2.0,0.0,0.011,0.008,0.005
223,18/01/2000 01:16:45,0.0,0.0,0.005,0.011,0.003
224,18/01/2000 01:17:00,0.0,0.0,0.003,0.005,0.003
225,18/01/2000 01:17:15,0.0,0.0,0.003,0.003,0.014
226,18/01/2000 01:17:30,22.0,1.0,0.014,0.003,0.002
227,18/01/2000 01:17:45,0.0,0.0,0.002,0.014,0.006
228,18/01/2000 01:18:00,2.0,0.0,0.006,0.002,0.018
229,18/01/2000 01:18:15,25.0,1.0,0.018,0.006,0.003
230,18/01/2000 01:18:30,0.0,0.0,0.003,0.018,0.002
231,18/01/2000 01:18:45,0.0,0.0,0.002,0.003,0.002
232,18/01/2000 01:19:00,0.0,0.0,0.002,0.002,0.002
233,18/01/2000 01:19:15,0.0,0.0,0.002,0.002,0.003
234,18/01/2000 01:19:30,0.0,0.0,0.003,0.002,0.003
235,18/01/2000 01:19:45,0.0,0.0,0.003,0.003,0.003
236,18/01/2000 01:20:00,0.0,0.0,0.003,0.003,0.003
237,18/01/2000 01:20:15,0.0,0.0,0.003,0.003,0.002
238,18/01/2000 01:20:30,0.0,0.0,0.002,0.003,0.008
239,18/01/2000 01:20:45,7.0,0.0,0.008,0.002,0.005
240,18/01/2000 01:21:00,0.0,0.0,0.005,0.008,0.01
241,18/01/2000 01:21:15,11.0,1.0,0.01,0.005,0.002
242,18/01/2000 01:21:30,0.0,0.0,0.002,0.01,0.002
243,18/01/2000 01:21:45,0.0,0.0,0.002,0.002,0.003
244,18/01/2000 01:22:00,0.0,0.0,0.003,0.002,0.002
245,18/01/2000 01:22:15,0.0,0.0,0.002,0.003,0.004
246,18/01/2000 01:22:30,0.0,0.0,0.004,0.002,0.002
247,18/01/2000 01:22:45,0.0,0.0,0.002,0.004,0.002
248,18/01/2000 01:23:00,0.0,0.0,0.002,0.002,0.004
249,18/01/2000 01:23:15,0.0,0.0,0.004,0.002,0.002
250,18/01/2000 01:23:30,0.0,0.0,0.002,0.004,0.002
251,18/01/2000 01:23:45,0.0,0.0,0.002,0.002,0.002
252,18/01/2000 01:24:00,0.0,0.0,0.002,0.002,0.006
253,18/01/2000 01:24:15,11.0,1.0,0.006,0.002,0.003
254,18/01/2000 01:24:30,0.0,0.0,0.003,0.006,0.009
255,18/01/2000 01:24:45,2.0,0.0,0.009,0.003,0.005
256,18/01/2000 01:25:00,0.0,0.0,0.005,0.009,0.006
257,18/01/2000 01:25:15,0.0,0.0,0.006,0.005,0.005
258,18/01/2000 01:25:30,0.0,0.0,0.005,0.006,0.005
259,18/01/2000 01:25:45,0.0,0.0,0.005,0.005,0.005
260,18/01/2000 01:26:00,0.0,0.0,0.005,0.005,0.005
261,18/01/2000 01:26:15,0.0,0.0,0.005,0.005,0.005
262,18/01/2000 01:26:30,0.0,0.0,0.005,0.005,0.004
263,18/01/2000 01:26:45,0.0,0.0,0.004,0.005,0.005
264,18/01/2000 01:27:00,0.0,0.0,0.005,0.004,0.004
265,18/01/2000 01:27:15,0.0,0.0,0.004,0.005,0.006
266,18/01/2000 01:27:30,0.0,0.0,0.006,0.004,0.005
267,18/01/2000 01:27:45,0.0,0.0,0.005,0.006,0.009
268,18/01/2000 01:28:00,5.0,0.0,0.009,0.005,0.005
269,18/01/2000 01:28:15,0.0,0.0,0.005,0.009,0.006
270,18/01/2000 01:28:30,0.0,0.0,0.006,0.005,0.005
271,18/01/2000 01:28:45,0.0,0.0,0.005,0.006,0.005
272,18/01/2000 01:29:00,0.0,0.0,0.005,0.005,0.007
273,18/01/2000 01:29:15,0.0,0.0,0.007,0.005,0.005
274,18/01/2000 01:29:30,0.0,0.0,0.005,0.007,0.01
275,18/01/2000 01:29:45,12.0,1.0,0.01,0.005,0.003
276,18/01/2000 01:30:00,2.0,0.0,0.003,0.01,0.009
277,18/01/2000 01:30:15,10.0,1.0,0.009,0.003,0.005
278,18/01/2000 01:30:30,0.0,0.0,0.005,0.009,0.005
279,18/01/2000 01:30:45,0.0,0.0,0.005,0.005,0.005
280,18/01/2000 01:31:00,0.0,0.0,0.005,0.005,0.005
281,18/01/2000 01:31:15,0.0,0.0,0.005,0.005,0.004
282,18/01/2000 01:31:30,0.0,0.0,0.004,0.005,0.005
283,18/01/2000 01:31:45,0.0,0.0,0.005,0.004,0.004
284,18/01/2000 01:32:00,0.0,0.0,0.004,0.005,0.005
285,18/01/2000 01:32:15,0.0,0.0,0.005,0.004,0.004
286,18/01/2000 01:32:30,0.0,0.0,0.004,0.005,0.005
287,18/01/2000 01:32:45,0.0,0.0,0.005,0.004,0.004
288,18/01/2000 01:33:00,0.0,0.0,0.004,0.005,0.005
289,18/01/2000 01:33:15,0.0,0.0,0.005,0.004,0.004
290,18/01/2000 01:33:30,0.0,0.0,0.004,0.005,0.014
291,18/01/2000 01:33:45,10.0,1.0,0.014,0.004,0.002
292,18/01/2000 01:34:00,0.0,0.0,0.002,0.014,0.007
293,18/01/2000 01:34:15,5.0,0.0,0.007,0.002,0.004
294,18/01/2000 01:34:30,0.0,0.0,0.004,0.007,0.008
295,18/01/2000 01:34:45,8.0,0.0,0.008,0.004,0.002
296,18/01/2000 01:35:00,0.0,0.0,0.002,0.008,0.005
297,18/01/2000 01:35:15,6.0,0.0,0.005,0.002,0.002
298,18/01/2000 01:35:30,0.0,0.0,0.002,0.005,0.003
299,18/01/2000 01:35:45,0.0,0.0,0.003,0.002,0.002
300,18/01/2000 01:36:00,0.0,0.0,0.002,0.003,0.003
301,18/01/2000 01:36:15,0.0,0.0,0.003,0.002,0.004
302,18/01/2000 01:36:30,0.0,0.0,0.004,0.003,0.002
303,18/01/2000 01:36:45,0.0,0.0,0.002,0.004,0.007
304,18/01/2000 01:37:00,9.0,0.0,0.007,0.002,0.005
305,18/01/2000 01:37:15,0.0,0.0,0.005,0.007,0.005
306,18/01/2000 01:37:30,0.0,0.0,0.005,0.005,0.005
307,18/01/2000 01:37:45,0.0,0.0,0.005,0.005,0.005
308,18/01/2000 01:38:00,0.0,0.0,0.005,0.005,0.01
309,18/01/2000 01:38:15,13.0,1.0,0.01,0.005,0.002
310,18/01/2000 01:38:30,0.0,0.0,0.002,0.01,0.002
311,18/01/2000 01:38:45,0.0,0.0,0.002,0.002,0.002
312,18/01/2000 01:39:00,0.0,0.0,0.002,0.002,0.002
313,18/01/2000 01:39:15,0.0,0.0,0.002,0.002,0.019
314,18/01/2000 01:39:30,23.0,1.0,0.019,0.002,0.005
315,18/01/2000 01:39:45,4.0,0.0,0.005,0.019,0.007
316,18/01/2000 01:40:00,17.0,1.0,0.007,0.005,0.002
317,18/01/2000 01:40:15,0.0,0.0,0.002,0.007,0.002
318,18/01/2000 01:40:30,0.0,0.0,0.002,0.002,0.003
319,18/01/2000 01:40:45,0.0,0.0,0.003,0.002,0.002
320,18/01/2000 01:41:00,0.0,0.0,0.002,0.003,0.002
321,18/01/2000 01:41:15,0.0,0.0,0.002,0.002,0.002
322,18/01/2000 01:41:30,0.0,0.0,0.002,0.002,0.003
323,18/01/2000 01:41:45,0.0,0.0,0.003,0.002,0.002
324,18/01/2000 01:42:00,0.0,0.0,0.002,0.003,0.002
325,18/01/2000 01:42:15,0.0,0.0,0.002,0.002,0.011
326,18/01/2000 01:42:30,6.0,0.0,0.011,0.002,0.002
327,18/01/2000 01:42:45,0.0,0.0,0.002,0.011,0.002
328,18/01/2000 01:43:00,0.0,0.0,0.002,0.002,0.003
329,18/01/2000 01:43:15,0.0,0.0,0.003,0.002,0.002
330,18/01/2000 01:43:30,0.0,0.0,0.002,0.003,0.002
331,18/01/2000 01:43:45,0.0,0.0,0.002,0.002,0.003
332,18/01/2000 01:44:00,0.0,0.0,0.003,0.002,0.004
333,18/01/2000 01:44:15,0.0,0.0,0.004,0.003,0.002
334,18/01/2000 01:44:30,0.0,0.0,0.002,0.004,0.002
335,18/01/2000 01:44:45,0.0,0.0,0.002,0.002,0.003
336,18/01/2000 01:45:00,0.0,0.0,0.003,0.002,0.002
337,18/01/2000 01:45:15,0.0,0.0,0.002,0.003,0.003
338,18/01/2000 01:45:30,0.0,0.0,0.003,0.002,0.002
339,18/01/2000 01:45:45,0.0,0.0,0.002,0.003,0.003
340,18/01/2000 01:46:00,0.0,0.0,0.003,0.002,0.002
341,18/01/2000 01:46:15,0.0,0.0,0.002,0.003,0.004
342,18/01/2000 01:46:30,0.0,0.0,0.004,0.002,0.002
343,18/01/2000 01:46:45,0.0,0.0,0.002,0.004,0.002
344,18/01/2000 01:47:00,0.0,0.0,0.002,0.002,0.005
345,18/01/2000 01:47:15,0.0,0.0,0.005,0.002,0.005
346,18/01/2000 01:47:30,0.0,0.0,0.005,0.005,0.004
347,18/01/2000 01:47:45,0.0,0.0,0.004,0.005,0.005
348,18/01/2000 01:48:00,0.0,0.0,0.005,0.004,0.006
349,18/01/2000 01:48:15,2.0,0.0,0.006,0.005,0.004
350,18/01/2000 01:48:30,0.0,0.0,0.004,0.006,0.005
351,18/01/2000 01:48:45,0.0,0.0,0.005,0.004,0.004
352,18/01/2000 01:49:00,0.0,0.0,0.004,0.005,0.004
353,18/01/2000 01:49:15,0.0,0.0,0.004,0.004,0.004
354,18/01/2000 01:49:30,0.0,0.0,0.004,0.004,0.004
355,18/01/2000 01:49:45,0.0,0.0,0.004,0.004,0.006
356,18/01/2000 01:50:00,0.0,0.0,0.006,0.004,0.004
357,18/01/2000 01:50:15,0.0,0.0,0.004,0.006,0.006
358,18/01/2000 01:50:30,0.0,0.0,0.006,0.004,0.004
359,18/01/2000 01:50:45,0.0,0.0,0.004,0.006,0.005
360,18/01/2000 01:51:00,0.0,0.0,0.005,0.004,0.004
361,18/01/2000 01:51:15,0.0,0.0,0.004,0.005,0.004
362,18/01/2000 01:51:30,0.0,0.0,0.004,0.004,0.008
363,18/01/2000 01:51:45,6.0,0.0,0.008,0.004,0.002
364,18/01/2000 01:52:00,0.0,0.0,0.002,0.008,0.002
365,18/01/2000 01:52:15,0.0,0.0,0.002,0.002,0.002
366,18/01/2000 01:52:30,0.0,0.0,0.002,0.002,0.002
367,18/01/2000 01:52:45,0.0,0.0,0.002,0.002,0.006
368,18/01/2000 01:53:00,3.0,0.0,0.006,0.002,0.002
369,18/01/2000 01:53:15,0.0,0.0,0.002,0.006,0.002
370,18/01/2000 01:53:30,0.0,0.0,0.002,0.002,0.003
371,18/01/2000 01:53:45,0.0,0.0,0.003,0.002,0.002
372,18/01/2000 01:54:00,0.0,0.0,0.002,0.003,0.002
373,18/01/2000 01:54:15,0.0,0.0,0.002,0.002,0.002
374,18/01/2000 01:54:30,0.0,0.0,0.002,0.002,0.002
375,18/01/2000 01:54:45,0.0,0.0,0.002,0.002,0.002
376,18/01/2000 01:55:00,0.0,0.0,0.002,0.002,0.003
377,18/01/2000 01:55:15,0.0,0.0,0.003,0.002,0.003
378,18/01/2000 01:55:30,0.0,0.0,0.003,0.003,0.002
379,18/01/2000 01:55:45,0.0,0.0,0.002,0.003,0.002
380,18/01/2000 01:56:00,0.0,0.0,0.002,0.002,0.002
381,18/01/2000 01:56:15,0.0,0.0,0.002,0.002,0.002
382,18/01/2000 01:56:30,0.0,0.0,0.002,0.002,0.003
383,18/01/2000 01:56:45,0.0,0.0,0.003,0.002,0.002
384,18/01/2000 01:57:00,0.0,0.0,0.002,0.003,0.005
385,18/01/2000 01:57:15,0.0,0.0,0.005,0.002,0.01
386,18/01/2000 01:57:30,5.0,0.0,0.01,0.005,0.028
387,18/01/2000 01:57:45,40.0,1.0,0.028,0.01,0.002
388,18/01/2000 01:58:00,0.0,0.0,0.002,0.028,0.002
389,18/01/2000 01:58:15,0.0,0.0,0.002,0.002,0.002
390,18/01/2000 01:58:30,0.0,0.0,0.002,0.002,0.002
391,18/01/2000 01:58:45,0.0,0.0,0.002,0.002,0.002
392,18/01/2000 01:59:00,0.0,0.0,0.002,0.002,0.002
393,18/01/2000 01:59:15,0.0,0.0,0.002,0.002,0.002
394,18/01/2000 01:59:30,0.0,0.0,0.002,0.002,0.002
395,18/01/2000 01:59:45,0.0,0.0,0.002,0.002,0.002
396,18/01/2000 02:00:00,0.0,0.0,0.002,0.002,0.002
397,18/01/2000 02:00:15,0.0,0.0,0.002,0.002,0.002
398,18/01/2000 02:00:30,0.0,0.0,0.002,0.002,0.002
399,18/01/2000 02:00:45,0.0,0.0,0.002,0.002,0.002
400,18/01/2000 02:01:00,0.0,0.0,0.002,0.002,0.002
401,18/01/2000 02:01:15,0.0,0.0,0.002,0.002,0.002
402,18/01/2000 02:01:30,0.0,0.0,0.002,0.002,0.002
403,18/01/2000 02:01:45,0.0,0.0,0.002,0.002,0.002
404,18/01/2000 02:02:00,0.0,0.0,0.002,0.002,0.002
405,18/01/2000 02:02:15,0.0,0.0,0.002,0.002,0.002
406,18/01/2000 02:02:30,0.0,0.0,0.002,0.002,0.002
407,18/01/2000 02:02:45,0.0,0.0,0.002,0.002,0.002
408,18/01/2000 02:03:00,0.0,0.0,0.002,0.002,0.002
409,18/01/2000 02:03:15,0.0,0.0,0.002,0.002,0.002
410,18/01/2000 02:03:30,0.0,0.0,0.002,0.002,0.002
411,18/01/2000 02:03:45,0.0,0.0,0.002,0.002,0.002
412,18/01/2000 02:04:00,0.0,0.0,0.002,0.002,0.002
413,18/01/2000 02:04:15,0.0,0.0,0.002,0.002,0.002
414,18/01/2000 02:04:30,0.0,0.0,0.002,0.002,0.002
415,18/01/2000 02:04:45,0.0,0.0,0.002,0.002,0.002
416,18/01/2000 02:05:00,0.0,0.0,0.002,0.002,0.002
417,18/01/2000 02:05:15,0.0,0.0,0.002,0.002,0.002
418,18/01/2000 02:05:30,0.0,0.0,0.002,0.002,0.002
419,18/01/2000 02:05:45,0.0,0.0,0.002,0.002,0.002
420,18/01/2000 02:06:00,0.0,0.0,0.002,0.002,0.002
421,18/01/2000 02:06:15,0.0,0.0,0.002,0.002,0.002
422,18/01/2000 02:06:30,0.0,0.0,0.002,0.002,0.002
423,18/01/2000 02:06:45,0.0,0.0,0.002,0.002,0.002
424,18/01/2000 02:07:00,0.0,0.0,0.002,0.002,0.002
425,18/01/2000 02:07:15,0.0,0.0,0.002,0.002,0.002
426,18/01/2000 02:07:30,0.0,0.0,0.002,0.002,0.002
427,18/01/2000 02:07:45,0.0,0.0,0.002,0.002,0.002
428,18/01/2000 02:08:00,0.0,0.0,0.002,0.002,0.002
429,18/01/2000 02:08:15,0.0,0.0,0.002,0.002,0.002
430,18/01/2000 02:08:30,0.0,0.0,0.002,0.002,0.002
431,18/01/2000 02:08:45,0.0,0.0,0.002,0.002,0.002
432,18/01/2000 02:09:00,0.0,0.0,0.002,0.002,0.002
433,18/01/2000 02:09:15,0.0,0.0,0.002,0.002,0.002
434,18/01/2000 02:09:30,0.0,0.0,0.002,0.002,0.002
435,18/01/2000 02:09:45,0.0,0.0,0.002,0.002,0.002
436,18/01/2000 02:10:00,0.0,0.0,0.002,0.002,0.002
437,18/01/2000 02:10:15,0.0,0.0,0.002,0.002,0.002
438,18/01/2000 02:10:30,0.0,0.0,0.002,0.002,0.002
439,18/01/2000 02:10:45,0.0,0.0,0.002,0.002,0.002
440,18/01/2000 02:11:00,0.0,0.0,0.002,0.002,0.002
441,18/01/2000 02:11:15,0.0,0.0,0.002,0.002,0.002
442,18/01/2000 02:11:30,0.0,0.0,0.002,0.002,0.002
443,18/01/2000 02:11:45,0.0,0.0,0.002,0.002,0.002
444,18/01/2000 02:12:00,0.0,0.0,0.002,0.002,0.002
445,18/01/2000 02:12:15,0.0,0.0,0.002,0.002,0.002
446,18/01/2000 02:12:30,0.0,0.0,0.002,0.002,0.002
447,18/01/2000 02:12:45,0.0,0.0,0.002,0.002,0.002
448,18/01/2000 02:13:00,0.0,0.0,0.002,0.002,0.002
449,18/01/2000 02:13:15,0.0,0.0,0.002,0.002,0.002
450,18/01/2000 02:13:30,0.0,0.0,0.002,0.002,0.002
451,18/01/2000 02:13:45,0.0,0.0,0.002,0.002,0.002
452,18/01/2000 02:14:00,0.0,0.0,0.002,0.002,0.002
453,18/01/2000 02:14:15,0.0,0.0,0.002,0.002,0.002
454,18/01/2000 02:14:30,0.0,0.0,0.002,0.002,0.002
455,18/01/2000 02:14:45,0.0,0.0,0.002,0.002,0.002
456,18/01/2000 02:15:00,0.0,0.0,0.002,0.002,0.002
457,18/01/2000 02:15:15,0.0,0.0,0.002,0.002,0.002
458,18/01/2000 02:15:30,0.0,0.0,0.002,0.002,0.002
459,18/01/2000 02:15:45,0.0,0.0,0.002,0.002,0.002
460,18/01/2000 02:16:00,0.0,0.0,0.002,0.002,0.002
461,18/01/2000 02:16:15,0.0,0.0,0.002,0.002,0.002
462,18/01/2000 02:16:30,0.0,0.0,0.002,0.002,0.002
463,18/01/2000 02:16:45,0.0,0.0,0.002,0.002,0.002
464,18/01/2000 02:17:00,0.0,0.0,0.002,0.002,0.002
465,18/01/2000 02:17:15,0.0,0.0,0.002,0.002,0.002
466,18/01/2000 02:17:30,0.0,0.0,0.002,0.002,0.002
467,18/01/2000 02:17:45,0.0,0.0,0.002,0.002,0.002
468,18/01/2000 02:18:00,0.0,0.0,0.002,0.002,0.002
469,18/01/2000 02:18:15,0.0,0.0,0.002,0.002,0.002
470,18/01/2000 02:18:30,0.0,0.0,0.002,0.002,0.002
471,18/01/2000 02:18:45,0.0,0.0,0.002,0.002,0.002
472,18/01/2000 02:19:00,0.0,0.0,0.002,0.002,0.002
473,18/01/2000 02:19:15,0.0,0.0,0.002,0.002,0.002
474,18/01/2000 02:19:30,0.0,0.0,0.002,0.002,0.002
475,18/01/2000 02:19:45,0.0,0.0,0.002,0.002,0.002
476,18/01/2000 02:20:00,0.0,0.0,0.002,0.002,0.002
477,18/01/2000 02:20:15,0.0,0.0,0.002,0.002,0.002
478,18/01/2000 02:20:30,0.0,0.0,0.002,0.002,0.002
479,18/01/2000 02:20:45,0.0,0.0,0.002,0.002,0.002
480,18/01/2000 02:21:00,0.0,0.0,0.002,0.002,0.002
481,18/01/2000 02:21:15,0.0,0.0,0.002,0.002,0.002
482,18/01/2000 02:21:30,0.0,0.0,0.002,0.002,0.002
483,18/01/2000 02:21:45,0.0,0.0,0.002,0.002,0.002
484,18/01/2000 02:22:00,0.0,0.0,0.002,0.002,0.002
485,18/01/2000 02:22:15,0.0,0.0,0.002,0.002,0.002
486,18/01/2000 02:22:30,0.0,0.0,0.002,0.002,0.002
487,18/01/2000 02:22:45,0.0,0.0,0.002,0.002,0.002
488,18/01/2000 02:23:00,0.0,0.0,0.002,0.002,0.002
489,18/01/2000 02:23:15,0.0,0.0,0.002,0.002,0.002
490,18/01/2000 02:23:30,0.0,0.0,0.002,0.002,0.002
491,18/01/2000 02:23:45,0.0,0.0,0.002,0.002,0.002
492,18/01/2000 02:24:00,0.0,0.0,0.002,0.002,0.002
493,18/01/2000 02:24:15,0.0,0.0,0.002,0.002,0.002
494,18/01/2000 02:24:30,0.0,0.0,0.002,0.002,0.002
495,18/01/2000 02:24:45,0.0,0.0,0.002,0.002,0.002
496,18/01/2000 02:25:00,0.0,0.0,0.002,0.002,0.002
497,18/01/2000 02:25:15,0.0,0.0,0.002,0.002,0.002
498,18/01/2000 02:25:30,0.0,0.0,0.002,0.002,0.002
499,18/01/2000 02:25:45,0.0,0.0,0.002,0.002,0.002
500,18/01/2000 02:26:00,0.0,0.0,0.002,0.002,0.002
501,18/01/2000 02:26:15,0.0,0.0,0.002,0.002,0.002
502,18/01/2000 02:26:30,0.0,0.0,0.002,0.002,0.002
503,18/01/2000 02:26:45,0.0,0.0,0.002,0.002,0.002
504,18/01/2000 02:27:00,0.0,0.0,0.002,0.002,0.051
505,18/01/2000 02:27:15,85.0,1.0,0.051,0.002,0.015
506,18/01/2000 02:27:30,25.0,1.0,0.015,0.051,0.002
507,18/01/2000 02:27:45,0.0,0.0,0.002,0.015,0.002
508,18/01/2000 02:28:00,0.0,0.0,0.002,0.002,0.002
509,18/01/2000 02:28:15,0.0,0.0,0.002,0.002,0.002
510,18/01/2000 02:28:30,0.0,0.0,0.002,0.002,0.002
511,18/01/2000 02:28:45,0.0,0.0,0.002,0.002,0.002
512,18/01/2000 02:29:00,0.0,0.0,0.002,0.002,0.002
513,18/01/2000 02:29:15,0.0,0.0,0.002,0.002,0.002
514,18/01/2000 02:29:30,0.0,0.0,0.002,0.002,0.002
515,18/01/2000 02:29:45,0.0,0.0,0.002,0.002,0.002
516,18/01/2000 02:30:00,0.0,0.0,0.002,0.002,0.013
517,18/01/2000 02:30:15,14.0,1.0,0.013,0.002,0.004
518,18/01/2000 02:30:30,3.0,0.0,0.004,0.013,0.002
519,18/01/2000 02:30:45,0.0,0.0,0.002,0.004,0.002
520,18/01/2000 02:31:00,0.0,0.0,0.002,0.002,0.002
521,18/01/2000 02:31:15,0.0,0.0,0.002,0.002,0.005
522,18/01/2000 02:31:30,7.0,0.0,0.005,0.002,0.005
523,18/01/2000 02:31:45,4.0,0.0,0.005,0.005,0.004
524,18/01/2000 02:32:00,0.0,0.0,0.004,0.005,0.004
525,18/01/2000 02:32:15,0.0,0.0,0.004,0.004,0.03
526,18/01/2000 02:32:30,46.0,1.0,0.03,0.004,0.004
527,18/01/2000 02:32:45,0.0,0.0,0.004,0.03,0.002
528,18/01/2000 02:33:00,0.0,0.0,0.002,0.004,0.003
529,18/01/2000 02:33:15,0.0,0.0,0.003,0.002,0.002
530,18/01/2000 02:33:30,0.0,0.0,0.002,0.003,0.002
531,18/01/2000 02:33:45,0.0,0.0,0.002,0.002,0.009
532,18/01/2000 02:34:00,3.0,0.0,0.009,0.002,0.002
533,18/01/2000 02:34:15,2.0,0.0,0.002,0.009,0.002
534,18/01/2000 02:34:30,0.0,0.0,0.002,0.002,0.002
535,18/01/2000 02:34:45,0.0,0.0,0.002,0.002,0.002
536,18/01/2000 02:35:00,0.0,0.0,0.002,0.002,0.002
537,18/01/2000 02:35:15,0.0,0.0,0.002,0.002,0.002
538,18/01/2000 02:35:30,0.0,0.0,0.002,0.002,0.002
539,18/01/2000 02:35:45,0.0,0.0,0.002,0.002,0.002
540,18/01/2000 02:36:00,0.0,0.0,0.002,0.002,0.002
541,18/01/2000 02:36:15,0.0,0.0,0.002,0.002,0.002
542,18/01/2000 02:36:30,0.0,0.0,0.002,0.002,0.002
543,18/01/2000 02:36:45,0.0,0.0,0.002,0.002,0.002
544,18/01/2000 02:37:00,0.0,0.0,0.002,0.002,0.002
545,18/01/2000 02:37:15,0.0,0.0,0.002,0.002,0.002
546,18/01/2000 02:37:30,0.0,0.0,0.002,0.002,0.002
547,18/01/2000 02:37:45,0.0,0.0,0.002,0.002,0.002
548,18/01/2000 02:38:00,0.0,0.0,0.002,0.002,0.002
549,18/01/2000 02:38:15,0.0,0.0,0.002,0.002,0.002
550,18/01/2000 02:38:30,0.0,0.0,0.002,0.002,0.002
551,18/01/2000 02:38:45,0.0,0.0,0.002,0.002,0.007
552,18/01/2000 02:39:00,8.0,0.0,0.007,0.002,0.007
553,18/01/2000 02:39:15,11.0,1.0,0.007,0.007,0.002
554,18/01/2000 02:39:30,0.0,0.0,0.002,0.007,0.002
555,18/01/2000 02:39:45,0.0,0.0,0.002,0.002,0.002
556,18/01/2000 02:40:00,0.0,0.0,0.002,0.002,0.001
557,18/01/2000 02:40:15,0.0,0.0,0.001,0.002,0.002
558,18/01/2000 02:40:30,0.0,0.0,0.002,0.001,0.001
559,18/01/2000 02:40:45,0.0,0.0,0.001,0.002,0.001
560,18/01/2000 02:41:00,0.0,0.0,0.001,0.001,0.002
561,18/01/2000 02:41:15,0.0,0.0,0.002,0.001,0.001
562,18/01/2000 02:41:30,0.0,0.0,0.001,0.002,0.001
563,18/01/2000 02:41:45,0.0,0.0,0.001,0.001,0.001
564,18/01/2000 02:42:00,0.0,0.0,0.001,0.001,0.001
565,18/01/2000 02:42:15,0.0,0.0,0.001,0.001,0.001
566,18/01/2000 02:42:30,0.0,0.0,0.001,0.001,0.002
567,18/01/2000 02:42:45,0.0,0.0,0.002,0.001,0.002
568,18/01/2000 02:43:00,0.0,0.0,0.002,0.002,0.002
569,18/01/2000 02:43:15,0.0,0.0,0.002,0.002,0.002
570,18/01/2000 02:43:30,0.0,0.0,0.002,0.002,0.002
571,18/01/2000 02:43:45,0.0,0.0,0.002,0.002,0.002
572,18/01/2000 02:44:00,0.0,0.0,0.002,0.002,0.002
573,18/01/2000 02:44:15,0.0,0.0,0.002,0.002,0.001
574,18/01/2000 02:44:30,0.0,0.0,0.001,0.002,0.001
575,18/01/2000 02:44:45,0.0,0.0,0.001,0.001,0.002
576,18/01/2000 02:45:00,0.0,0.0,0.002,0.001,0.001
577,18/01/2000 02:45:15,0.0,0.0,0.001,0.002,0.001
578,18/01/2000 02:45:30,0.0,0.0,0.001,0.001,0.002
579,18/01/2000 02:45:45,0.0,0.0,0.002,0.001,0.002
580,18/01/2000 02:46:00,0.0,0.0,0.002,0.002,0.002
581,18/01/2000 02:46:15,0.0,0.0,0.002,0.002,0.002
582,18/01/2000 02:46:30,0.0,0.0,0.002,0.002,0.003
583,18/01/2000 02:46:45,2.0,0.0,0.003,0.002,0.002
584,18/01/2000 02:47:00,0.0,0.0,0.002,0.003,0.001
585,18/01/2000 02:47:15,0.0,0.0,0.001,0.002,0.002
586,18/01/2000 02:47:30,0.0,0.0,0.002,0.001,0.001
587,18/01/2000 02:47:45,0.0,0.0,0.001,0.002,0.001
588,18/01/2000 02:48:00,0.0,0.0,0.001,0.001,0.002
589,18/01/2000 02:48:15,2.0,0.0,0.002,0.001,0.002
590,18/01/2000 02:48:30,0.0,0.0,0.002,0.002,0.001
591,18/01/2000 02:48:45,0.0,0.0,0.001,0.002,0.001
592,18/01/2000 02:49:00,0.0,0.0,0.001,0.001,0.001
593,18/01/2000 02:49:15,0.0,0.0,0.001,0.001,0.001
594,18/01/2000 02:49:30,0.0,0.0,0.001,0.001,0.001
595,18/01/2000 02:49:45,0.0,0.0,0.001,0.001,0.002
596,18/01/2000 02:50:00,0.0,0.0,0.002,0.001,0.001
597,18/01/2000 02:50:15,0.0,0.0,0.001,0.002,0.002
598,18/01/2000 02:50:30,0.0,0.0,0.002,0.001,0.002
599,18/01/2000 02:50:45,0.0,0.0,0.002,0.002,0.001
600,18/01/2000 02:51:00,0.0,0.0,0.001,0.002,0.001
601,18/01/2000 02:51:15,0.0,0.0,0.001,0.001,0.001
602,18/01/2000 02:51:30,0.0,0.0,0.001,0.001,0.001
603,18/01/2000 02:51:45,0.0,0.0,0.001,0.001,0.001
604,18/01/2000 02:52:00,0.0,0.0,0.001,0.001,0.002
605,18/01/2000 02:52:15,0.0,0.0,0.002,0.001,0.005
606,18/01/2000 02:52:30,5.0,0.0,0.005,0.002,0.002
607,18/01/2000 02:52:45,0.0,0.0,0.002,0.005,0.002
608,18/01/2000 02:53:00,0.0,0.0,0.002,0.002,0.002
609,18/01/2000 02:53:15,0.0,0.0,0.002,0.002,0.002
610,18/01/2000 02:53:30,0.0,0.0,0.002,0.002,0.002
611,18/01/2000 02:53:45,0.0,0.0,0.002,0.002,0.002
612,18/01/2000 02:54:00,0.0,0.0,0.002,0.002,0.002
613,18/01/2000 02:54:15,0.0,0.0,0.002,0.002,0.002
614,18/01/2000 02:54:30,0.0,0.0,0.002,0.002,0.002
615,18/01/2000 02:54:45,0.0,0.0,0.002,0.002,0.002
616,18/01/2000 02:55:00,0.0,0.0,0.002,0.002,0.002
617,18/01/2000 02:55:15,0.0,0.0,0.002,0.002,0.003
618,18/01/2000 02:55:30,0.0,0.0,0.003,0.002,0.002
619,18/01/2000 02:55:45,0.0,0.0,0.002,0.003,0.002
620,18/01/2000 02:56:00,0.0,0.0,0.002,0.002,0.002
621,18/01/2000 02:56:15,0.0,0.0,0.002,0.002,0.002
622,18/01/2000 02:56:30,0.0,0.0,0.002,0.002,0.002
623,18/01/2000 02:56:45,0.0,0.0,0.002,0.002,0.002
624,18/01/2000 02:57:00,0.0,0.0,0.002,0.002,0.002
625,18/01/2000 02:57:15,0.0,0.0,0.002,0.002,0.002
626,18/01/2000 02:57:30,0.0,0.0,0.002,0.002,0.002
627,18/01/2000 02:57:45,0.0,0.0,0.002,0.002,0.002
628,18/01/2000 02:58:00,0.0,0.0,0.002,0.002,0.002
629,18/01/2000 02:58:15,0.0,1.0,0.002,0.002,0.002
630,18/01/2000 02:58:30,0.0,1.0,0.002,0.002,0.002
631,18/01/2000 02:58:45,0.0,1.0,0.002,0.002,0.002
632,18/01/2000 02:59:00,0.0,1.0,0.002,0.002,0.14
633,18/01/2000 02:59:15,208.0,1.0,0.14,0.002,0.014
634,18/01/2000 02:59:30,11.0,1.0,0.014,0.14,0.032
635,18/01/2000 02:59:45,36.0,1.0,0.032,0.014,0.016
636,18/01/2000 03:00:00,11.0,1.0,0.016,0.032,0.007
637,18/01/2000 03:00:15,0.0,1.0,0.007,0.016,0.007
638,18/01/2000 03:00:30,0.0,0.0,0.007,0.007,0.007
639,18/01/2000 03:00:45,0.0,0.0,0.007,0.007,0.007
640,18/01/2000 03:01:00,0.0,0.0,0.007,0.007,0.006
641,18/01/2000 03:01:15,0.0,0.0,0.006,0.007,0.007
642,18/01/2000 03:01:30,0.0,0.0,0.007,0.006,0.016
643,18/01/2000 03:01:45,10.0,1.0,0.016,0.007,0.021
644,18/01/2000 03:02:00,29.0,1.0,0.021,0.016,0.002
645,18/01/2000 03:02:15,0.0,0.0,0.002,0.021,0.003
646,18/01/2000 03:02:30,0.0,0.0,0.003,0.002,0.002
647,18/01/2000 03:02:45,0.0,0.0,0.002,0.003,0.003
648,18/01/2000 03:03:00,0.0,0.0,0.003,0.002,0.003
649,18/01/2000 03:03:15,0.0,0.0,0.003,0.003,0.003
650,18/01/2000 03:03:30,0.0,0.0,0.003,0.003,0.003
651,18/01/2000 03:03:45,0.0,0.0,0.003,0.003,0.003
652,18/01/2000 03:04:00,0.0,0.0,0.003,0.003,0.003
653,18/01/2000 03:04:15,0.0,0.0,0.003,0.003,0.003
654,18/01/2000 03:04:30,0.0,0.0,0.003,0.003,0.002
655,18/01/2000 03:04:45,0.0,0.0,0.002,0.003,0.003
656,18/01/2000 03:05:00,0.0,0.0,0.003,0.002,0.003
657,18/01/2000 03:05:15,0.0,0.0,0.003,0.003,0.003
658,18/01/2000 03:05:30,0.0,0.0,0.003,0.003,0.003
659,18/01/2000 03:05:45,0.0,0.0,0.003,0.003,0.003
660,18/01/2000 03:06:00,0.0,0.0,0.003,0.003,0.003
661,18/01/2000 03:06:15,0.0,0.0,0.003,0.003,0.003
662,18/01/2000 03:06:30,0.0,0.0,0.003,0.003,0.004
663,18/01/2000 03:06:45,2.0,0.0,0.004,0.003,0.003
664,18/01/2000 03:07:00,0.0,0.0,0.003,0.004,0.003
665,18/01/2000 03:07:15,0.0,0.0,0.003,0.003,0.003
666,18/01/2000 03:07:30,0.0,0.0,0.003,0.003,0.003
667,18/01/2000 03:07:45,0.0,0.0,0.003,0.003,0.003
668,18/01/2000 03:08:00,0.0,0.0,0.003,0.003,0.003
669,18/01/2000 03:08:15,0.0,0.0,0.003,0.003,0.003
670,18/01/2000 03:08:30,0.0,0.0,0.003,0.003,0.003
671,18/01/2000 03:08:45,0.0,0.0,0.003,0.003,0.003
672,18/01/2000 03:09:00,0.0,0.0,0.003,0.003,0.003
673,18/01/2000 03:09:15,0.0,0.0,0.003,0.003,0.003
674,18/01/2000 03:09:30,0.0,0.0,0.003,0.003,0.003
675,18/01/2000 03:09:45,0.0,0.0,0.003,0.003,0.003
676,18/01/2000 03:10:00,0.0,0.0,0.003,0.003,0.003
677,18/01/2000 03:10:15,0.0,0.0,0.003,0.003,0.004
678,18/01/2000 03:10:30,0.0,0.0,0.004,0.003,0.003
679,18/01/2000 03:10:45,0.0,0.0,0.003,0.004,0.003
680,18/01/2000 03:11:00,0.0,0.0,0.003,0.003,0.003
681,18/01/2000 03:11:15,0.0,0.0,0.003,0.003,0.013
682,18/01/2000 03:11:30,12.0,1.0,0.013,0.003,0.017
683,18/01/2000 03:11:45,12.0,1.0,0.017,0.013,0.002
684,18/01/2000 03:12:00,0.0,0.0,0.002,0.017,0.002
685,18/01/2000 03:12:15,0.0,0.0,0.002,0.002,0.003
686,18/01/2000 03:12:30,0.0,0.0,0.003,0.002,0.002
687,18/01/2000 03:12:45,0.0,0.0,0.002,0.003,0.002
688,18/01/2000 03:13:00,0.0,0.0,0.002,0.002,0.002
689,18/01/2000 03:13:15,0.0,0.0,0.002,0.002,0.002
690,18/01/2000 03:13:30,0.0,0.0,0.002,0.002,0.002
691,18/01/2000 03:13:45,0.0,0.0,0.002,0.002,0.002
692,18/01/2000 03:14:00,0.0,0.0,0.002,0.002,0.002
693,18/01/2000 03:14:15,0.0,0.0,0.002,0.002,0.002
694,18/01/2000 03:14:30,0.0,0.0,0.002,0.002,0.002
695,18/01/2000 03:14:45,0.0,0.0,0.002,0.002,0.002
696,18/01/2000 03:15:00,0.0,0.0,0.002,0.002,0.002
697,18/01/2000 03:15:15,0.0,0.0,0.002,0.002,0.002
698,18/01/2000 03:15:30,0.0,0.0,0.002,0.002,0.002
699,18/01/2000 03:15:45,0.0,0.0,0.002,0.002,0.002
700,18/01/2000 03:16:00,0.0,0.0,0.002,0.002,0.002
701,18/01/2000 03:16:15,0.0,0.0,0.002,0.002,0.002
702,18/01/2000 03:16:30,0.0,0.0,0.002,0.002,0.002
703,18/01/2000 03:16:45,0.0,0.0,0.002,0.002,0.002
704,18/01/2000 03:17:00,0.0,0.0,0.002,0.002,0.002
705,18/01/2000 03:17:15,0.0,0.0,0.002,0.002,0.002
706,18/01/2000 03:17:30,0.0,0.0,0.002,0.002,0.002
707,18/01/2000 03:17:45,0.0,0.0,0.002,0.002,0.002
708,18/01/2000 03:18:00,0.0,0.0,0.002,0.002,0.002
709,18/01/2000 03:18:15,0.0,0.0,0.002,0.002,0.002
710,18/01/2000 03:18:30,0.0,0.0,0.002,0.002,0.002
711,18/01/2000 03:18:45,0.0,0.0,0.002,0.002,0.002
712,18/01/2000 03:19:00,0.0,0.0,0.002,0.002,0.002
713,18/01/2000 03:19:15,0.0,0.0,0.002,0.002,0.002
714,18/01/2000 03:19:30,0.0,0.0,0.002,0.002,0.002
715,18/01/2000 03:19:45,0.0,0.0,0.002,0.002,0.002
716,18/01/2000 03:20:00,0.0,0.0,0.002,0.002,0.002
717,18/01/2000 03:20:15,0.0,0.0,0.002,0.002,0.002
718,18/01/2000 03:20:30,0.0,0.0,0.002,0.002,0.002
719,18/01/2000 03:20:45,0.0,0.0,0.002,0.002,0.002
720,18/01/2000 03:21:00,0.0,0.0,0.002,0.002,0.002
721,18/01/2000 03:21:15,0.0,0.0,0.002,0.002,0.002
722,18/01/2000 03:21:30,0.0,0.0,0.002,0.002,0.002
723,18/01/2000 03:21:45,0.0,0.0,0.002,0.002,0.002
724,18/01/2000 03:22:00,0.0,0.0,0.002,0.002,0.002
725,18/01/2000 03:22:15,0.0,0.0,0.002,0.002,0.002
726,18/01/2000 03:22:30,0.0,0.0,0.002,0.002,0.002
727,18/01/2000 03:22:45,0.0,0.0,0.002,0.002,0.002
728,18/01/2000 03:23:00,0.0,0.0,0.002,0.002,0.002
729,18/01/2000 03:23:15,0.0,0.0,0.002,0.002,0.002
730,18/01/2000 03:23:30,0.0,0.0,0.002,0.002,0.002
731,18/01/2000 03:23:45,0.0,0.0,0.002,0.002,0.002
732,18/01/2000 03:24:00,0.0,0.0,0.002,0.002,0.002
733,18/01/2000 03:24:15,0.0,0.0,0.002,0.002,0.002
734,18/01/2000 03:24:30,0.0,0.0,0.002,0.002,0.002
735,18/01/2000 03:24:45,0.0,0.0,0.002,0.002,0.002
736,18/01/2000 03:25:00,0.0,0.0,0.002,0.002,0.002
737,18/01/2000 03:25:15,0.0,0.0,0.002,0.002,0.002
738,18/01/2000 03:25:30,0.0,0.0,0.002,0.002,0.002
739,18/01/2000 03:25:45,0.0,0.0,0.002,0.002,0.002
740,18/01/2000 03:26:00,0.0,0.0,0.002,0.002,0.002
741,18/01/2000 03:26:15,0.0,0.0,0.002,0.002,0.002
742,18/01/2000 03:26:30,0.0,0.0,0.002,0.002,0.002
743,18/01/2000 03:26:45,0.0,0.0,0.002,0.002,0.002
744,18/01/2000 03:27:00,0.0,0.0,0.002,0.002,0.002
745,18/01/2000 03:27:15,0.0,0.0,0.002,0.002,0.032
746,18/01/2000 03:27:30,34.0,1.0,0.032,0.002,0.003
747,18/01/2000 03:27:45,0.0,0.0,0.003,0.032,0.003
748,18/01/2000 03:28:00,0.0,0.0,0.003,0.003,0.002
749,18/01/2000 03:28:15,0.0,0.0,0.002,0.003,0.003
750,18/01/2000 03:28:30,0.0,0.0,0.003,0.002,0.002
751,18/01/2000 03:28:45,0.0,0.0,0.002,0.003,0.003
752,18/01/2000 03:29:00,0.0,0.0,0.003,0.002,0.019
753,18/01/2000 03:29:15,16.0,1.0,0.019,0.003,0.003
754,18/01/2000 03:29:30,0.0,0.0,0.003,0.019,0.002
755,18/01/2000 03:29:45,0.0,0.0,0.002,0.003,0.003
756,18/01/2000 03:30:00,0.0,0.0,0.003,0.002,0.002
757,18/01/2000 03:30:15,0.0,0.0,0.002,0.003,0.002
758,18/01/2000 03:30:30,0.0,0.0,0.002,0.002,0.002
759,18/01/2000 03:30:45,0.0,0.0,0.002,0.002,0.003
760,18/01/2000 03:31:00,0.0,0.0,0.003,0.002,0.003
761,18/01/2000 03:31:15,0.0,0.0,0.003,0.003,0.003
762,18/01/2000 03:31:30,0.0,0.0,0.003,0.003,0.003
763,18/01/2000 03:31:45,0.0,0.0,0.003,0.003,0.003
764,18/01/2000 03:32:00,0.0,0.0,0.003,0.003,0.003
765,18/01/2000 03:32:15,0.0,0.0,0.003,0.003,0.002
766,18/01/2000 03:32:30,0.0,0.0,0.002,0.003,0.003
767,18/01/2000 03:32:45,0.0,0.0,0.003,0.002,0.003
768,18/01/2000 03:33:00,0.0,0.0,0.003,0.003,0.003
769,18/01/2000 03:33:15,0.0,0.0,0.003,0.003,0.003
770,18/01/2000 03:33:30,0.0,0.0,0.003,0.003,0.028
771,18/01/2000 03:33:45,23.0,1.0,0.028,0.003,0.005
772,18/01/2000 03:34:00,0.0,0.0,0.005,0.028,0.004
773,18/01/2000 03:34:15,2.0,0.0,0.004,0.005,0.003
774,18/01/2000 03:34:30,0.0,0.0,0.003,0.004,0.003
775,18/01/2000 03:34:45,0.0,0.0,0.003,0.003,0.003
776,18/01/2000 03:35:00,0.0,0.0,0.003,0.003,0.003
777,18/01/2000 03:35:15,0.0,0.0,0.003,0.003,0.003
778,18/01/2000 03:35:30,0.0,0.0,0.003,0.003,0.005
779,18/01/2000 03:35:45,0.0,0.0,0.005,0.003,0.003
780,18/01/2000 03:36:00,0.0,0.0,0.003,0.005,0.003
781,18/01/2000 03:36:15,0.0,0.0,0.003,0.003,0.003
782,18/01/2000 03:36:30,0.0,0.0,0.003,0.003,0.014
783,18/01/2000 03:36:45,20.0,1.0,0.014,0.003,0.007
784,18/01/2000 03:37:00,0.0,0.0,0.007,0.014,0.007
785,18/01/2000 03:37:15,0.0,0.0,0.007,0.007,0.007
786,18/01/2000 03:37:30,0.0,0.0,0.007,0.007,0.016
787,18/01/2000 03:37:45,5.0,0.0,0.016,0.007,0.015
788,18/01/2000 03:38:00,16.0,1.0,0.015,0.016,0.004
789,18/01/2000 03:38:15,0.0,0.0,0.004,0.015,0.003
790,18/01/2000 03:38:30,0.0,0.0,0.003,0.004,0.003
791,18/01/2000 03:38:45,0.0,0.0,0.003,0.003,0.003
792,18/01/2000 03:39:00,0.0,0.0,0.003,0.003,0.003
793,18/01/2000 03:39:15,0.0,0.0,0.003,0.003,0.003
794,18/01/2000 03:39:30,0.0,0.0,0.003,0.003,0.003
795,18/01/2000 03:39:45,0.0,0.0,0.003,0.003,0.003
796,18/01/2000 03:40:00,0.0,0.0,0.003,0.003,0.003
797,18/01/2000 03:40:15,0.0,0.0,0.003,0.003,0.004
798,18/01/2000 03:40:30,0.0,0.0,0.004,0.003,0.003
799,18/01/2000 03:40:45,0.0,0.0,0.003,0.004,0.003
800,18/01/2000 03:41:00,0.0,0.0,0.003,0.003,0.005
801,18/01/2000 03:41:15,2.0,0.0,0.005,0.003,0.016
802,18/01/2000 03:41:30,13.0,1.0,0.016,0.005,0.009
803,18/01/2000 03:41:45,0.0,0.0,0.009,0.016,0.027
804,18/01/2000 03:42:00,38.0,1.0,0.027,0.009,0.008
805,18/01/2000 03:42:15,0.0,0.0,0.008,0.027,0.008
806,18/01/2000 03:42:30,0.0,0.0,0.008,0.008,0.008
807,18/01/2000 03:42:45,0.0,0.0,0.008,0.008,0.01
808,18/01/2000 03:43:00,0.0,0.0,0.01,0.008,0.008
809,18/01/2000 03:43:15,4.0,0.0,0.008,0.01,0.008
810,18/01/2000 03:43:30,0.0,0.0,0.008,0.008,0.008
811,18/01/2000 03:43:45,0.0,0.0,0.008,0.008,0.008
812,18/01/2000 03:44:00,0.0,0.0,0.008,0.008,0.008
813,18/01/2000 03:44:15,0.0,0.0,0.008,0.008,0.008
814,18/01/2000 03:44:30,0.0,0.0,0.008,0.008,0.008
815,18/01/2000 03:44:45,0.0,0.0,0.008,0.008,0.012
816,18/01/2000 03:45:00,3.0,0.0,0.012,0.008,0.024
817,18/01/2000 03:45:15,12.0,1.0,0.024,0.012,0.049
818,18/01/2000 03:45:30,73.0,1.0,0.049,0.024,0.008
819,18/01/2000 03:45:45,0.0,0.0,0.008,0.049,0.007
820,18/01/2000 03:46:00,0.0,0.0,0.007,0.008,0.008
821,18/01/2000 03:46:15,0.0,0.0,0.008,0.007,0.008
822,18/01/2000 03:46:30,0.0,0.0,0.008,0.008,0.008
823,18/01/2000 03:46:45,0.0,0.0,0.008,0.008,0.008
824,18/01/2000 03:47:00,0.0,0.0,0.008,0.008,0.008
825,18/01/2000 03:47:15,0.0,0.0,0.008,0.008,0.008
826,18/01/2000 03:47:30,0.0,0.0,0.008,0.008,0.008
827,18/01/2000 03:47:45,0.0,0.0,0.008,0.008,0.008
828,18/01/2000 03:48:00,6.0,0.0,0.008,0.008,0.006
829,18/01/2000 03:48:15,0.0,0.0,0.006,0.008,0.014
830,18/01/2000 03:48:30,32.0,1.0,0.014,0.006,0.007
831,18/01/2000 03:48:45,0.0,0.0,0.007,0.014,0.006
832,18/01/2000 03:49:00,0.0,0.0,0.006,0.007,0.007
833,18/01/2000 03:49:15,0.0,0.0,0.007,0.006,0.007
834,18/01/2000 03:49:30,0.0,0.0,0.007,0.007,0.007
835,18/01/2000 03:49:45,0.0,0.0,0.007,0.007,0.007
836,18/01/2000 03:50:00,0.0,0.0,0.007,0.007,0.006
837,18/01/2000 03:50:15,0.0,0.0,0.006,0.007,0.007
838,18/01/2000 03:50:30,0.0,0.0,0.007,0.006,0.007
839,18/01/2000 03:50:45,0.0,0.0,0.007,0.007,0.007
840,18/01/2000 03:51:00,0.0,0.0,0.007,0.007,0.006
841,18/01/2000 03:51:15,0.0,0.0,0.006,0.007,0.026
842,18/01/2000 03:51:30,42.0,1.0,0.026,0.006,0.012
843,18/01/2000 03:51:45,17.0,1.0,0.012,0.026,0.003
844,18/01/2000 03:52:00,0.0,0.0,0.003,0.012,0.003
845,18/01/2000 03:52:15,0.0,0.0,0.003,0.003,0.002
846,18/01/2000 03:52:30,0.0,0.0,0.002,0.003,0.002
847,18/01/2000 03:52:45,0.0,0.0,0.002,0.002,0.002
848,18/01/2000 03:53:00,0.0,0.0,0.002,0.002,0.002
849,18/01/2000 03:53:15,0.0,0.0,0.002,0.002,0.002
850,18/01/2000 03:53:30,0.0,0.0,0.002,0.002,0.002
851,18/01/2000 03:53:45,0.0,0.0,0.002,0.002,0.035
852,18/01/2000 03:54:00,62.0,1.0,0.035,0.002,0.027
853,18/01/2000 03:54:15,62.0,1.0,0.027,0.035,0.006
854,18/01/2000 03:54:30,0.0,0.0,0.006,0.027,0.005
855,18/01/2000 03:54:45,0.0,0.0,0.005,0.006,0.005
856,18/01/2000 03:55:00,0.0,0.0,0.005,0.005,0.006
857,18/01/2000 03:55:15,0.0,0.0,0.006,0.005,0.005
858,18/01/2000 03:55:30,0.0,0.0,0.005,0.006,0.005
859,18/01/2000 03:55:45,0.0,0.0,0.005,0.005,0.005
860,18/01/2000 03:56:00,0.0,0.0,0.005,0.005,0.005
861,18/01/2000 03:56:15,0.0,0.0,0.005,0.005,0.005
862,18/01/2000 03:56:30,0.0,0.0,0.005,0.005,0.005
863,18/01/2000 03:56:45,2.0,0.0,0.005,0.005,0.035
864,18/01/2000 03:57:00,97.0,1.0,0.035,0.005,0.007
865,18/01/2000 03:57:15,0.0,0.0,0.007,0.035,0.007
866,18/01/2000 03:57:30,0.0,0.0,0.007,0.007,0.007
867,18/01/2000 03:57:45,0.0,1.0,0.007,0.007,0.007
868,18/01/2000 03:58:00,0.0,1.0,0.007,0.007,0.009
869,18/01/2000 03:58:15,5.0,1.0,0.009,0.007,0.035
870,18/01/2000 03:58:30,58.0,1.0,0.035,0.009,0.025
871,18/01/2000 03:58:45,70.0,1.0,0.025,0.035,0.021
872,18/01/2000 03:59:00,23.0,1.0,0.021,0.025,0.014
873,18/01/2000 03:59:15,17.0,1.0,0.014,0.021,0.008
874,18/01/2000 03:59:30,0.0,1.0,0.008,0.014,0.105
875,18/01/2000 03:59:45,182.0,1.0,0.105,0.008,0.018
876,18/01/2000 04:00:00,19.0,1.0,0.018,0.105,0.007
877,18/01/2000 04:00:15,0.0,1.0,0.007,0.018,0.017
878,18/01/2000 04:00:30,7.0,1.0,0.017,0.007,0.1
879,18/01/2000 04:00:45,134.0,1.0,0.1,0.017,0.034
880,18/01/2000 04:01:00,46.0,1.0,0.034,0.1,0.02
881,18/01/2000 04:01:15,22.0,1.0,0.02,0.034,0.007
882,18/01/2000 04:01:30,0.0,1.0,0.007,0.02,0.007
883,18/01/2000 04:01:45,0.0,1.0,0.007,0.007,0.013
884,18/01/2000 04:02:00,6.0,1.0,0.013,0.007,0.012
885,18/01/2000 04:02:15,0.0,1.0,0.012,0.013,0.136
886,18/01/2000 04:02:30,170.0,1.0,0.136,0.012,0.02
887,18/01/2000 04:02:45,25.0,1.0,0.02,0.136,0.002
888,18/01/2000 04:03:00,0.0,1.0,0.002,0.02,0.002
889,18/01/2000 04:03:15,0.0,1.0,0.002,0.002,0.002
890,18/01/2000 04:03:30,0.0,1.0,0.002,0.002,0.002
891,18/01/2000 04:03:45,0.0,0.0,0.002,0.002,0.002
892,18/01/2000 04:04:00,0.0,0.0,0.002,0.002,0.002
893,18/01/2000 04:04:15,0.0,0.0,0.002,0.002,0.002
894,18/01/2000 04:04:30,0.0,0.0,0.002,0.002,0.002
895,18/01/2000 04:04:45,0.0,0.0,0.002,0.002,0.015
896,18/01/2000 04:05:00,38.0,1.0,0.015,0.002,0.001
897,18/01/2000 04:05:15,0.0,0.0,0.001,0.015,0.001
898,18/01/2000 04:05:30,0.0,0.0,0.001,0.001,0.001
899,18/01/2000 04:05:45,0.0,0.0,0.001,0.001,0.001
900,18/01/2000 04:06:00,0.0,0.0,0.001,0.001,0.002
901,18/01/2000 04:06:15,0.0,0.0,0.002,0.001,0.002
902,18/01/2000 04:06:30,0.0,0.0,0.002,0.002,0.002
903,18/01/2000 04:06:45,0.0,0.0,0.002,0.002,0.002
904,18/01/2000 04:07:00,0.0,0.0,0.002,0.002,0.002
905,18/01/2000 04:07:15,0.0,0.0,0.002,0.002,0.001
906,18/01/2000 04:07:30,0.0,0.0,0.001,0.002,0.001
907,18/01/2000 04:07:45,0.0,0.0,0.001,0.001,0.002
908,18/01/2000 04:08:00,0.0,0.0,0.002,0.001,0.001
909,18/01/2000 04:08:15,0.0,0.0,0.001,0.002,0.002
910,18/01/2000 04:08:30,0.0,0.0,0.002,0.001,0.002
911,18/01/2000 04:08:45,0.0,0.0,0.002,0.002,0.002
912,18/01/2000 04:09:00,0.0,0.0,0.002,0.002,0.002
913,18/01/2000 04:09:15,0.0,0.0,0.002,0.002,0.015
914,18/01/2000 04:09:30,13.0,1.0,0.015,0.002,0.007
915,18/01/2000 04:09:45,0.0,0.0,0.007,0.015,0.007
916,18/01/2000 04:10:00,0.0,0.0,0.007,0.007,0.008
917,18/01/2000 04:10:15,11.0,1.0,0.008,0.007,0.017
918,18/01/2000 04:10:30,25.0,1.0,0.017,0.008,0.006
919,18/01/2000 04:10:45,4.0,0.0,0.006,0.017,0.007
920,18/01/2000 04:11:00,0.0,0.0,0.007,0.006,0.007
921,18/01/2000 04:11:15,0.0,0.0,0.007,0.007,0.007
922,18/01/2000 04:11:30,0.0,0.0,0.007,0.007,0.007
923,18/01/2000 04:11:45,0.0,0.0,0.007,0.007,0.007
924,18/01/2000 04:12:00,0.0,0.0,0.007,0.007,0.006
925,18/01/2000 04:12:15,0.0,0.0,0.006,0.007,0.007
926,18/01/2000 04:12:30,0.0,0.0,0.007,0.006,0.006
927,18/01/2000 04:12:45,0.0,0.0,0.006,0.007,0.006
928,18/01/2000 04:13:00,0.0,0.0,0.006,0.006,0.006
929,18/01/2000 04:13:15,0.0,0.0,0.006,0.006,0.031
930,18/01/2000 04:13:30,14.0,1.0,0.031,0.006,0.109
931,18/01/2000 04:13:45,176.0,1.0,0.109,0.031,0.002
932,18/01/2000 04:14:00,0.0,0.0,0.002,0.109,0.002
933,18/01/2000 04:14:15,0.0,0.0,0.002,0.002,0.003
934,18/01/2000 04:14:30,0.0,0.0,0.003,0.002,0.002
935,18/01/2000 04:14:45,0.0,0.0,0.002,0.003,0.002
936,18/01/2000 04:15:00,0.0,0.0,0.002,0.002,0.002
937,18/01/2000 04:15:15,0.0,0.0,0.002,0.002,0.002
938,18/01/2000 04:15:30,0.0,0.0,0.002,0.002,0.002
939,18/01/2000 04:15:45,0.0,0.0,0.002,0.002,0.002
940,18/01/2000 04:16:00,0.0,0.0,0.002,0.002,0.001
941,18/01/2000 04:16:15,0.0,0.0,0.001,0.002,0.001
942,18/01/2000 04:16:30,0.0,0.0,0.001,0.001,0.014
943,18/01/2000 04:16:45,9.0,0.0,0.014,0.001,0.004
944,18/01/2000 04:17:00,5.0,0.0,0.004,0.014,0.001
945,18/01/2000 04:17:15,0.0,0.0,0.001,0.004,0.001
946,18/01/2000 04:17:30,0.0,0.0,0.001,0.001,0.001
947,18/01/2000 04:17:45,0.0,0.0,0.001,0.001,0.001
948,18/01/2000 04:18:00,0.0,0.0,0.001,0.001,0.001
949,18/01/2000 04:18:15,0.0,0.0,0.001,0.001,0.001
950,18/01/2000 04:18:30,0.0,0.0,0.001,0.001,0.001
951,18/01/2000 04:18:45,0.0,0.0,0.001,0.001,0.001
952,18/01/2000 04:19:00,0.0,0.0,0.001,0.001,0.001
953,18/01/2000 04:19:15,0.0,0.0,0.001,0.001,0.001
954,18/01/2000 04:19:30,0.0,0.0,0.001,0.001,0.001
955,18/01/2000 04:19:45,0.0,0.0,0.001,0.001,0.001
956,18/01/2000 04:20:00,0.0,0.0,0.001,0.001,0.002
957,18/01/2000 04:20:15,0.0,0.0,0.002,0.001,0.001
958,18/01/2000 04:20:30,0.0,0.0,0.001,0.002,0.012
959,18/01/2000 04:20:45,10.0,0.0,0.012,0.001,0.002
960,18/01/2000 04:21:00,0.0,0.0,0.002,0.012,0.002
961,18/01/2000 04:21:15,0.0,0.0,0.002,0.002,0.002
962,18/01/2000 04:21:30,0.0,0.0,0.002,0.002,0.002
963,18/01/2000 04:21:45,0.0,0.0,0.002,0.002,0.002
964,18/01/2000 04:22:00,0.0,0.0,0.002,0.002,0.002
965,18/01/2000 04:22:15,0.0,0.0,0.002,0.002,0.002
966,18/01/2000 04:22:30,0.0,0.0,0.002,0.002,0.002
967,18/01/2000 04:22:45,0.0,0.0,0.002,0.002,0.003
968,18/01/2000 04:23:00,0.0,0.0,0.003,0.002,0.003
969,18/01/2000 04:23:15,0.0,0.0,0.003,0.003,0.003
970,18/01/2000 04:23:30,0.0,0.0,0.003,0.003,0.003
971,18/01/2000 04:23:45,0.0,0.0,0.003,0.003,0.003
972,18/01/2000 04:24:00,0.0,0.0,0.003,0.003,0.002
973,18/01/2000 04:24:15,0.0,0.0,0.002,0.003,0.002
974,18/01/2000 04:24:30,0.0,0.0,0.002,0.002,0.002
975,18/01/2000 04:24:45,0.0,0.0,0.002,0.002,0.002
976,18/01/2000 04:25:00,0.0,0.0,0.002,0.002,0.002
977,18/01/2000 04:25:15,0.0,0.0,0.002,0.002,0.003
978,18/01/2000 04:25:30,0.0,0.0,0.003,0.002,0.002
979,18/01/2000 04:25:45,0.0,0.0,0.002,0.003,0.002
980,18/01/2000 04:26:00,0.0,0.0,0.002,0.002,0.002
981,18/01/2000 04:26:15,0.0,0.0,0.002,0.002,0.002
982,18/01/2000 04:26:30,0.0,0.0,0.002,0.002,0.002
983,18/01/2000 04:26:45,0.0,0.0,0.002,0.002,0.002
984,18/01/2000 04:27:00,0.0,0.0,0.002,0.002,0.002
985,18/01/2000 04:27:15,0.0,0.0,0.002,0.002,0.002
986,18/01/2000 04:27:30,0.0,0.0,0.002,0.002,0.002
987,18/01/2000 04:27:45,0.0,0.0,0.002,0.002,0.002
988,18/01/2000 04:28:00,0.0,0.0,0.002,0.002,0.002
989,18/01/2000 04:28:15,0.0,0.0,0.002,0.002,0.002
990,18/01/2000 04:28:30,0.0,0.0,0.002,0.002,0.002
991,18/01/2000 04:28:45,0.0,0.0,0.002,0.002,0.003
992,18/01/2000 04:29:00,0.0,0.0,0.003,0.002,0.002
993,18/01/2000 04:29:15,0.0,0.0,0.002,0.003,0.002
994,18/01/2000 04:29:30,0.0,0.0,0.002,0.002,0.002
995,18/01/2000 04:29:45,0.0,0.0,0.002,0.002,0.002
996,18/01/2000 04:30:00,0.0,0.0,0.002,0.002,0.002
997,18/01/2000 04:30:15,0.0,0.0,0.002,0.002,0.002
998,18/01/2000 04:30:30,0.0,0.0,0.002,0.002,0.002
999,18/01/2000 04:30:45,0.0,0.0,0.002,0.002,0.002
1000,18/01/2000 04:31:00,0.0,0.0,0.002,0.002,0.003
1001,18/01/2000 04:31:15,0.0,0.0,0.003,0.002,0.002
1002,18/01/2000 04:31:30,0.0,0.0,0.002,0.003,0.002
1003,18/01/2000 04:31:45,0.0,0.0,0.002,0.002,0.003
1004,18/01/2000 04:32:00,0.0,0.0,0.003,0.002,0.002
1005,18/01/2000 04:32:15,0.0,0.0,0.002,0.003,0.002
1006,18/01/2000 04:32:30,0.0,0.0,0.002,0.002,0.002
1007,18/01/2000 04:32:45,0.0,0.0,0.002,0.002,0.002
1008,18/01/2000 04:33:00,0.0,0.0,0.002,0.002,0.002
1009,18/01/2000 04:33:15,0.0,0.0,0.002,0.002,0.002
1010,18/01/2000 04:33:30,0.0,0.0,0.002,0.002,0.002
1011,18/01/2000 04:33:45,0.0,0.0,0.002,0.002,0.002
1012,18/01/2000 04:34:00,0.0,0.0,0.002,0.002,0.003
1013,18/01/2000 04:34:15,0.0,0.0,0.003,0.002,0.003
1014,18/01/2000 04:34:30,0.0,0.0,0.003,0.003,0.003
1015,18/01/2000 04:34:45,0.0,0.0,0.003,0.003,0.002
1016,18/01/2000 04:35:00,0.0,0.0,0.002,0.003,0.002
1017,18/01/2000 04:35:15,0.0,0.0,0.002,0.002,0.002
1018,18/01/2000 04:35:30,0.0,0.0,0.002,0.002,0.002
1019,18/01/2000 04:35:45,0.0,0.0,0.002,0.002,0.002
1020,18/01/2000 04:36:00,0.0,0.0,0.002,0.002,0.003
1021,18/01/2000 04:36:15,0.0,0.0,0.003,0.002,0.003
1022,18/01/2000 04:36:30,0.0,0.0,0.003,0.003,0.003
1023,18/01/2000 04:36:45,0.0,0.0,0.003,0.003,0.002
1024,18/01/2000 04:37:00,0.0,0.0,0.002,0.003,0.002
1025,18/01/2000 04:37:15,0.0,0.0,0.002,0.002,0.003
1026,18/01/2000 04:37:30,0.0,0.0,0.003,0.002,0.003
1027,18/01/2000 04:37:45,0.0,0.0,0.003,0.003,0.003
1028,18/01/2000 04:38:00,0.0,0.0,0.003,0.003,0.003
1029,18/01/2000 04:38:15,0.0,0.0,0.003,0.003,0.003
1030,18/01/2000 04:38:30,0.0,0.0,0.003,0.003,0.002
1031,18/01/2000 04:38:45,0.0,0.0,0.002,0.003,0.002
1032,18/01/2000 04:39:00,0.0,0.0,0.002,0.002,0.003
1033,18/01/2000 04:39:15,0.0,0.0,0.003,0.002,0.002
1034,18/01/2000 04:39:30,0.0,0.0,0.002,0.003,0.003
1035,18/01/2000 04:39:45,0.0,0.0,0.003,0.002,0.002
1036,18/01/2000 04:40:00,0.0,0.0,0.002,0.003,0.002
1037,18/01/2000 04:40:15,0.0,0.0,0.002,0.002,0.003
1038,18/01/2000 04:40:30,0.0,0.0,0.003,0.002,0.003
1039,18/01/2000 04:40:45,0.0,0.0,0.003,0.003,0.002
1040,18/01/2000 04:41:00,0.0,0.0,0.002,0.003,0.003
1041,18/01/2000 04:41:15,0.0,0.0,0.003,0.002,0.003
1042,18/01/2000 04:41:30,0.0,0.0,0.003,0.003,0.003
1043,18/01/2000 04:41:45,0.0,0.0,0.003,0.003,0.003
1044,18/01/2000 04:42:00,0.0,0.0,0.003,0.003,0.003
1045,18/01/2000 04:42:15,0.0,0.0,0.003,0.003,0.003
1046,18/01/2000 04:42:30,0.0,0.0,0.003,0.003,0.003
1047,18/01/2000 04:42:45,0.0,0.0,0.003,0.003,0.003
1048,18/01/2000 04:43:00,0.0,0.0,0.003,0.003,0.003
1049,18/01/2000 04:43:15,0.0,0.0,0.003,0.003,0.003
1050,18/01/2000 04:43:30,0.0,0.0,0.003,0.003,0.003
1051,18/01/2000 04:43:45,0.0,0.0,0.003,0.003,0.003
1052,18/01/2000 04:44:00,0.0,0.0,0.003,0.003,0.003
1053,18/01/2000 04:44:15,0.0,0.0,0.003,0.003,0.003
1054,18/01/2000 04:44:30,0.0,0.0,0.003,0.003,0.003
1055,18/01/2000 04:44:45,0.0,0.0,0.003,0.003,0.003
1056,18/01/2000 04:45:00,0.0,0.0,0.003,0.003,0.003
1057,18/01/2000 04:45:15,0.0,0.0,0.003,0.003,0.003
1058,18/01/2000 04:45:30,0.0,0.0,0.003,0.003,0.003
1059,18/01/2000 04:45:45,0.0,0.0,0.003,0.003,0.003
1060,18/01/2000 04:46:00,0.0,0.0,0.003,0.003,0.003
1061,18/01/2000 04:46:15,0.0,0.0,0.003,0.003,0.003
1062,18/01/2000 04:46:30,0.0,0.0,0.003,0.003,0.003
1063,18/01/2000 04:46:45,0.0,0.0,0.003,0.003,0.003
1064,18/01/2000 04:47:00,0.0,0.0,0.003,0.003,0.003
1065,18/01/2000 04:47:15,0.0,0.0,0.003,0.003,0.003
1066,18/01/2000 04:47:30,0.0,0.0,0.003,0.003,0.003
1067,18/01/2000 04:47:45,0.0,0.0,0.003,0.003,0.003
1068,18/01/2000 04:48:00,0.0,0.0,0.003,0.003,0.003
1069,18/01/2000 04:48:15,0.0,0.0,0.003,0.003,0.002
1070,18/01/2000 04:48:30,0.0,0.0,0.002,0.003,0.003
1071,18/01/2000 04:48:45,0.0,0.0,0.003,0.002,0.003
1072,18/01/2000 04:49:00,0.0,0.0,0.003,0.003,0.003
1073,18/01/2000 04:49:15,0.0,0.0,0.003,0.003,0.002
1074,18/01/2000 04:49:30,0.0,0.0,0.002,0.003,0.002
1075,18/01/2000 04:49:45,0.0,0.0,0.002,0.002,0.003
1076,18/01/2000 04:50:00,0.0,0.0,0.003,0.002,0.003
1077,18/01/2000 04:50:15,0.0,0.0,0.003,0.003,0.003
1078,18/01/2000 04:50:30,0.0,0.0,0.003,0.003,0.002
1079,18/01/2000 04:50:45,0.0,0.0,0.002,0.003,0.003
1080,18/01/2000 04:51:00,0.0,0.0,0.003,0.002,0.003
1081,18/01/2000 04:51:15,0.0,0.0,0.003,0.003,0.003
1082,18/01/2000 04:51:30,0.0,0.0,0.003,0.003,0.003
1083,18/01/2000 04:51:45,0.0,0.0,0.003,0.003,0.003
1084,18/01/2000 04:52:00,0.0,0.0,0.003,0.003,0.003
1085,18/01/2000 04:52:15,0.0,0.0,0.003,0.003,0.003
1086,18/01/2000 04:52:30,0.0,0.0,0.003,0.003,0.003
1087,18/01/2000 04:52:45,0.0,0.0,0.003,0.003,0.003
1088,18/01/2000 04:53:00,0.0,0.0,0.003,0.003,0.003
1089,18/01/2000 04:53:15,0.0,0.0,0.003,0.003,0.003
1090,18/01/2000 04:53:30,0.0,0.0,0.003,0.003,0.003
1091,18/01/2000 04:53:45,0.0,0.0,0.003,0.003,0.004
1092,18/01/2000 04:54:00,0.0,0.0,0.004,0.003,0.003
1093,18/01/2000 04:54:15,0.0,0.0,0.003,0.004,0.003
1094,18/01/2000 04:54:30,0.0,0.0,0.003,0.003,0.003
1095,18/01/2000 04:54:45,0.0,0.0,0.003,0.003,0.003
1096,18/01/2000 04:55:00,0.0,0.0,0.003,0.003,0.003
1097,18/01/2000 04:55:15,0.0,0.0,0.003,0.003,0.003
1098,18/01/2000 04:55:30,0.0,0.0,0.003,0.003,0.003
1099,18/01/2000 04:55:45,0.0,0.0,0.003,0.003,0.003
1100,18/01/2000 04:56:00,0.0,0.0,0.003,0.003,0.003
1101,18/01/2000 04:56:15,0.0,0.0,0.003,0.003,0.003
1102,18/01/2000 04:56:30,0.0,0.0,0.003,0.003,0.003
1103,18/01/2000 04:56:45,0.0,1.0,0.003,0.003,0.003
1104,18/01/2000 04:57:00,0.0,1.0,0.003,0.003,0.003
1105,18/01/2000 04:57:15,0.0,1.0,0.003,0.003,0.122
1106,18/01/2000 04:57:30,176.0,1.0,0.122,0.003,0.041
1107,18/01/2000 04:57:45,48.0,1.0,0.041,0.122,0.002
1108,18/01/2000 04:58:00,0.0,1.0,0.002,0.041,0.002
1109,18/01/2000 04:58:15,0.0,1.0,0.002,0.002,0.002
1110,18/01/2000 04:58:30,0.0,1.0,0.002,0.002,0.002
1111,18/01/2000 04:58:45,0.0,0.0,0.002,0.002,0.002
1112,18/01/2000 04:59:00,0.0,0.0,0.002,0.002,0.002
1113,18/01/2000 04:59:15,0.0,0.0,0.002,0.002,0.002
1114,18/01/2000 04:59:30,0.0,0.0,0.002,0.002,0.002
1115,18/01/2000 04:59:45,0.0,0.0,0.002,0.002,0.048
1116,18/01/2000 05:00:00,67.0,1.0,0.048,0.002,0.002
1117,18/01/2000 05:00:15,0.0,0.0,0.002,0.048,0.002
1118,18/01/2000 05:00:30,0.0,0.0,0.002,0.002,0.018
1119,18/01/2000 05:00:45,19.0,1.0,0.018,0.002,0.001
1120,18/01/2000 05:01:00,0.0,0.0,0.001,0.018,0.003
1121,18/01/2000 05:01:15,0.0,0.0,0.003,0.001,0.001
1122,18/01/2000 05:01:30,0.0,0.0,0.001,0.003,0.001
1123,18/01/2000 05:01:45,0.0,0.0,0.001,0.001,0.001
1124,18/01/2000 05:02:00,0.0,0.0,0.001,0.001,0.002
1125,18/01/2000 05:02:15,0.0,0.0,0.002,0.001,0.002
1126,18/01/2000 05:02:30,0.0,0.0,0.002,0.002,0.002
1127,18/01/2000 05:02:45,0.0,0.0,0.002,0.002,0.001
1128,18/01/2000 05:03:00,0.0,0.0,0.001,0.002,0.001
1129,18/01/2000 05:03:15,0.0,0.0,0.001,0.001,0.001
1130,18/01/2000 05:03:30,0.0,0.0,0.001,0.001,0.001
1131,18/01/2000 05:03:45,0.0,0.0,0.001,0.001,0.001
1132,18/01/2000 05:04:00,0.0,0.0,0.001,0.001,0.002
1133,18/01/2000 05:04:15,0.0,0.0,0.002,0.001,0.001
1134,18/01/2000 05:04:30,0.0,0.0,0.001,0.002,0.001
1135,18/01/2000 05:04:45,0.0,0.0,0.001,0.001,0.002
1136,18/01/2000 05:05:00,0.0,0.0,0.002,0.001,0.001
1137,18/01/2000 05:05:15,0.0,0.0,0.001,0.002,0.002
1138,18/01/2000 05:05:30,0.0,0.0,0.002,0.001,0.002
1139,18/01/2000 05:05:45,0.0,0.0,0.002,0.002,0.001
1140,18/01/2000 05:06:00,0.0,0.0,0.001,0.002,0.001
1141,18/01/2000 05:06:15,0.0,0.0,0.001,0.001,0.001
1142,18/01/2000 05:06:30,0.0,0.0,0.001,0.001,0.001
1143,18/01/2000 05:06:45,0.0,0.0,0.001,0.001,0.002
1144,18/01/2000 05:07:00,0.0,0.0,0.002,0.001,0.002
1145,18/01/2000 05:07:15,0.0,0.0,0.002,0.002,0.002
1146,18/01/2000 05:07:30,0.0,0.0,0.002,0.002,0.002
1147,18/01/2000 05:07:45,0.0,0.0,0.002,0.002,0.001
1148,18/01/2000 05:08:00,0.0,0.0,0.001,0.002,0.001
1149,18/01/2000 05:08:15,0.0,0.0,0.001,0.001,0.002
1150,18/01/2000 05:08:30,0.0,0.0,0.002,0.001,0.002
1151,18/01/2000 05:08:45,0.0,0.0,0.002,0.002,0.001
1152,18/01/2000 05:09:00,0.0,0.0,0.001,0.002,0.002
1153,18/01/2000 05:09:15,0.0,0.0,0.002,0.001,0.002
1154,18/01/2000 05:09:30,0.0,0.0,0.002,0.002,0.001
1155,18/01/2000 05:09:45,0.0,0.0,0.001,0.002,0.002
1156,18/01/2000 05:10:00,0.0,0.0,0.002,0.001,0.002
1157,18/01/2000 05:10:15,0.0,0.0,0.002,0.002,0.002
1158,18/01/2000 05:10:30,0.0,0.0,0.002,0.002,0.002
1159,18/01/2000 05:10:45,0.0,0.0,0.002,0.002,0.002
1160,18/01/2000 05:11:00,0.0,0.0,0.002,0.002,0.002
1161,18/01/2000 05:11:15,0.0,0.0,0.002,0.002,0.002
1162,18/01/2000 05:11:30,0.0,0.0,0.002,0.002,0.002
1163,18/01/2000 05:11:45,0.0,0.0,0.002,0.002,0.002
1164,18/01/2000 05:12:00,0.0,0.0,0.002,0.002,0.002
1165,18/01/2000 05:12:15,0.0,0.0,0.002,0.002,0.002
1166,18/01/2000 05:12:30,0.0,0.0,0.002,0.002,0.002
1167,18/01/2000 05:12:45,0.0,0.0,0.002,0.002,0.002
1168,18/01/2000 05:13:00,0.0,0.0,0.002,0.002,0.002
1169,18/01/2000 05:13:15,0.0,0.0,0.002,0.002,0.002
1170,18/01/2000 05:13:30,0.0,0.0,0.002,0.002,0.002
1171,18/01/2000 05:13:45,0.0,0.0,0.002,0.002,0.002
1172,18/01/2000 05:14:00,0.0,0.0,0.002,0.002,0.002
1173,18/01/2000 05:14:15,0.0,0.0,0.002,0.002,0.002
1174,18/01/2000 05:14:30,0.0,0.0,0.002,0.002,0.002
1175,18/01/2000 05:14:45,0.0,0.0,0.002,0.002,0.001
1176,18/01/2000 05:15:00,0.0,0.0,0.001,0.002,0.001
1177,18/01/2000 05:15:15,0.0,0.0,0.001,0.001,0.002
1178,18/01/2000 05:15:30,0.0,0.0,0.002,0.001,0.001
1179,18/01/2000 05:15:45,0.0,0.0,0.001,0.002,0.002
1180,18/01/2000 05:16:00,0.0,0.0,0.002,0.001,0.002
1181,18/01/2000 05:16:15,0.0,0.0,0.002,0.002,0.002
1182,18/01/2000 05:16:30,0.0,0.0,0.002,0.002,0.002
1183,18/01/2000 05:16:45,0.0,0.0,0.002,0.002,0.002
1184,18/01/2000 05:17:00,0.0,0.0,0.002,0.002,0.002
1185,18/01/2000 05:17:15,0.0,0.0,0.002,0.002,0.002
1186,18/01/2000 05:17:30,0.0,0.0,0.002,0.002,0.002
1187,18/01/2000 05:17:45,0.0,0.0,0.002,0.002,0.002
1188,18/01/2000 05:18:00,0.0,0.0,0.002,0.002,0.002
1189,18/01/2000 05:18:15,0.0,0.0,0.002,0.002,0.002
1190,18/01/2000 05:18:30,0.0,0.0,0.002,0.002,0.002
1191,18/01/2000 05:18:45,0.0,0.0,0.002,0.002,0.002
1192,18/01/2000 05:19:00,0.0,0.0,0.002,0.002,0.002
1193,18/01/2000 05:19:15,0.0,0.0,0.002,0.002,0.002
1194,18/01/2000 05:19:30,0.0,0.0,0.002,0.002,0.002
1195,18/01/2000 05:19:45,0.0,0.0,0.002,0.002,0.002
1196,18/01/2000 05:20:00,0.0,0.0,0.002,0.002,0.002
1197,18/01/2000 05:20:15,0.0,0.0,0.002,0.002,0.002
1198,18/01/2000 05:20:30,0.0,0.0,0.002,0.002,0.002
1199,18/01/2000 05:20:45,0.0,0.0,0.002,0.002,0.002
1200,18/01/2000 05:21:00,0.0,0.0,0.002,0.002,0.002
1201,18/01/2000 05:21:15,0.0,0.0,0.002,0.002,0.002
1202,18/01/2000 05:21:30,0.0,0.0,0.002,0.002,0.002
1203,18/01/2000 05:21:45,0.0,0.0,0.002,0.002,0.002
1204,18/01/2000 05:22:00,0.0,0.0,0.002,0.002,0.002
1205,18/01/2000 05:22:15,0.0,0.0,0.002,0.002,0.002
1206,18/01/2000 05:22:30,0.0,0.0,0.002,0.002,0.002
1207,18/01/2000 05:22:45,0.0,0.0,0.002,0.002,0.002
1208,18/01/2000 05:23:00,0.0,0.0,0.002,0.002,0.002
1209,18/01/2000 05:23:15,0.0,0.0,0.002,0.002,0.002
1210,18/01/2000 05:23:30,0.0,0.0,0.002,0.002,0.002
1211,18/01/2000 05:23:45,0.0,0.0,0.002,0.002,0.002
1212,18/01/2000 05:24:00,0.0,0.0,0.002,0.002,0.002
1213,18/01/2000 05:24:15,0.0,0.0,0.002,0.002,0.002
1214,18/01/2000 05:24:30,0.0,0.0,0.002,0.002,0.002
1215,18/01/2000 05:24:45,0.0,0.0,0.002,0.002,0.002
1216,18/01/2000 05:25:00,0.0,0.0,0.002,0.002,0.002
1217,18/01/2000 05:25:15,0.0,0.0,0.002,0.002,0.002
1218,18/01/2000 05:25:30,0.0,0.0,0.002,0.002,0.002
1219,18/01/2000 05:25:45,0.0,0.0,0.002,0.002,0.002
1220,18/01/2000 05:26:00,0.0,0.0,0.002,0.002,0.002
1221,18/01/2000 05:26:15,0.0,0.0,0.002,0.002,0.002
1222,18/01/2000 05:26:30,0.0,0.0,0.002,0.002,0.002
1223,18/01/2000 05:26:45,0.0,0.0,0.002,0.002,0.002
1224,18/01/2000 05:27:00,0.0,0.0,0.002,0.002,0.002
1225,18/01/2000 05:27:15,0.0,0.0,0.002,0.002,0.002
1226,18/01/2000 05:27:30,0.0,0.0,0.002,0.002,0.002
1227,18/01/2000 05:27:45,0.0,0.0,0.002,0.002,0.002
1228,18/01/2000 05:28:00,0.0,0.0,0.002,0.002,0.002
1229,18/01/2000 05:28:15,0.0,0.0,0.002,0.002,0.002
1230,18/01/2000 05:28:30,0.0,0.0,0.002,0.002,0.002
1231,18/01/2000 05:28:45,0.0,0.0,0.002,0.002,0.002
1232,18/01/2000 05:29:00,0.0,0.0,0.002,0.002,0.002
1233,18/01/2000 05:29:15,0.0,0.0,0.002,0.002,0.001
1234,18/01/2000 05:29:30,0.0,0.0,0.001,0.002,0.002
1235,18/01/2000 05:29:45,0.0,0.0,0.002,0.001,0.002
1236,18/01/2000 05:30:00,0.0,0.0,0.002,0.002,0.002
1237,18/01/2000 05:30:15,0.0,0.0,0.002,0.002,0.002
1238,18/01/2000 05:30:30,0.0,0.0,0.002,0.002,0.002
1239,18/01/2000 05:30:45,0.0,0.0,0.002,0.002,0.002
1240,18/01/2000 05:31:00,0.0,0.0,0.002,0.002,0.002
1241,18/01/2000 05:31:15,0.0,0.0,0.002,0.002,0.002
1242,18/01/2000 05:31:30,0.0,0.0,0.002,0.002,0.002
1243,18/01/2000 05:31:45,0.0,0.0,0.002,0.002,0.002
1244,18/01/2000 05:32:00,0.0,0.0,0.002,0.002,0.002
1245,18/01/2000 05:32:15,0.0,0.0,0.002,0.002,0.002
1246,18/01/2000 05:32:30,0.0,0.0,0.002,0.002,0.002
1247,18/01/2000 05:32:45,0.0,0.0,0.002,0.002,0.002
1248,18/01/2000 05:33:00,0.0,0.0,0.002,0.002,0.002
1249,18/01/2000 05:33:15,0.0,0.0,0.002,0.002,0.002
1250,18/01/2000 05:33:30,0.0,0.0,0.002,0.002,0.002
1251,18/01/2000 05:33:45,0.0,0.0,0.002,0.002,0.002
1252,18/01/2000 05:34:00,0.0,0.0,0.002,0.002,0.002
1253,18/01/2000 05:34:15,0.0,0.0,0.002,0.002,0.002
1254,18/01/2000 05:34:30,0.0,0.0,0.002,0.002,0.002
1255,18/01/2000 05:34:45,0.0,0.0,0.002,0.002,0.002
1256,18/01/2000 05:35:00,0.0,0.0,0.002,0.002,0.002
1257,18/01/2000 05:35:15,0.0,0.0,0.002,0.002,0.002
1258,18/01/2000 05:35:30,0.0,0.0,0.002,0.002,0.002
1259,18/01/2000 05:35:45,0.0,0.0,0.002,0.002,0.002
1260,18/01/2000 05:36:00,0.0,0.0,0.002,0.002,0.002
1261,18/01/2000 05:36:15,0.0,0.0,0.002,0.002,0.002
1262,18/01/2000 05:36:30,0.0,0.0,0.002,0.002,0.002
1263,18/01/2000 05:36:45,0.0,0.0,0.002,0.002,0.002
1264,18/01/2000 05:37:00,0.0,0.0,0.002,0.002,0.002
1265,18/01/2000 05:37:15,0.0,0.0,0.002,0.002,0.002
1266,18/01/2000 05:37:30,0.0,0.0,0.002,0.002,0.002
1267,18/01/2000 05:37:45,0.0,0.0,0.002,0.002,0.002
1268,18/01/2000 05:38:00,0.0,0.0,0.002,0.002,0.002
1269,18/01/2000 05:38:15,0.0,0.0,0.002,0.002,0.002
1270,18/01/2000 05:38:30,0.0,0.0,0.002,0.002,0.002
1271,18/01/2000 05:38:45,0.0,0.0,0.002,0.002,0.057
1272,18/01/2000 05:39:00,117.0,1.0,0.057,0.002,0.006
1273,18/01/2000 05:39:15,3.0,0.0,0.006,0.057,0.003
1274,18/01/2000 05:39:30,0.0,0.0,0.003,0.006,0.003
1275,18/01/2000 05:39:45,0.0,0.0,0.003,0.003,0.003
1276,18/01/2000 05:40:00,0.0,0.0,0.003,0.003,0.002
1277,18/01/2000 05:40:15,0.0,0.0,0.002,0.003,0.003
1278,18/01/2000 05:40:30,0.0,0.0,0.003,0.002,0.003
1279,18/01/2000 05:40:45,0.0,0.0,0.003,0.003,0.003
1280,18/01/2000 05:41:00,0.0,0.0,0.003,0.003,0.003
1281,18/01/2000 05:41:15,0.0,0.0,0.003,0.003,0.028
1282,18/01/2000 05:41:30,52.0,1.0,0.028,0.003,0.003
1283,18/01/2000 05:41:45,0.0,0.0,0.003,0.028,0.008
1284,18/01/2000 05:42:00,10.0,1.0,0.008,0.003,0.005
1285,18/01/2000 05:42:15,0.0,0.0,0.005,0.008,0.004
1286,18/01/2000 05:42:30,0.0,0.0,0.004,0.005,0.005
1287,18/01/2000 05:42:45,0.0,0.0,0.005,0.004,0.004
1288,18/01/2000 05:43:00,0.0,0.0,0.004,0.005,0.004
1289,18/01/2000 05:43:15,0.0,0.0,0.004,0.004,0.004
1290,18/01/2000 05:43:30,0.0,0.0,0.004,0.004,0.004
1291,18/01/2000 05:43:45,0.0,0.0,0.004,0.004,0.004
1292,18/01/2000 05:44:00,0.0,0.0,0.004,0.004,0.004
1293,18/01/2000 05:44:15,0.0,0.0,0.004,0.004,0.004
1294,18/01/2000 05:44:30,0.0,0.0,0.004,0.004,0.004
1295,18/01/2000 05:44:45,0.0,0.0,0.004,0.004,0.004
1296,18/01/2000 05:45:00,0.0,0.0,0.004,0.004,0.007
1297,18/01/2000 05:45:15,0.0,0.0,0.007,0.004,0.004
1298,18/01/2000 05:45:30,0.0,0.0,0.004,0.007,0.004
1299,18/01/2000 05:45:45,0.0,0.0,0.004,0.004,0.004
1300,18/01/2000 05:46:00,0.0,0.0,0.004,0.004,0.004
1301,18/01/2000 05:46:15,0.0,0.0,0.004,0.004,0.004
1302,18/01/2000 05:46:30,0.0,0.0,0.004,0.004,0.004
1303,18/01/2000 05:46:45,0.0,0.0,0.004,0.004,0.005
1304,18/01/2000 05:47:00,0.0,0.0,0.005,0.004,0.004
1305,18/01/2000 05:47:15,0.0,0.0,0.004,0.005,0.004
1306,18/01/2000 05:47:30,0.0,0.0,0.004,0.004,0.004
1307,18/01/2000 05:47:45,0.0,0.0,0.004,0.004,0.004
1308,18/01/2000 05:48:00,0.0,0.0,0.004,0.004,0.004
1309,18/01/2000 05:48:15,0.0,0.0,0.004,0.004,0.004
1310,18/01/2000 05:48:30,0.0,0.0,0.004,0.004,0.004
1311,18/01/2000 05:48:45,0.0,0.0,0.004,0.004,0.004
1312,18/01/2000 05:49:00,0.0,0.0,0.004,0.004,0.004
1313,18/01/2000 05:49:15,0.0,0.0,0.004,0.004,0.004
1314,18/01/2000 05:49:30,0.0,0.0,0.004,0.004,0.004
1315,18/01/2000 05:49:45,0.0,0.0,0.004,0.004,0.004
1316,18/01/2000 05:50:00,0.0,0.0,0.004,0.004,0.004
1317,18/01/2000 05:50:15,0.0,0.0,0.004,0.004,0.004
1318,18/01/2000 05:50:30,0.0,0.0,0.004,0.004,0.004
1319,18/01/2000 05:50:45,0.0,0.0,0.004,0.004,0.004
1320,18/01/2000 05:51:00,0.0,0.0,0.004,0.004,0.004
1321,18/01/2000 05:51:15,0.0,0.0,0.004,0.004,0.004
1322,18/01/2000 05:51:30,0.0,0.0,0.004,0.004,0.004
1323,18/01/2000 05:51:45,0.0,0.0,0.004,0.004,0.007
1324,18/01/2000 05:52:00,2.0,0.0,0.007,0.004,0.004
1325,18/01/2000 05:52:15,0.0,0.0,0.004,0.007,0.004
1326,18/01/2000 05:52:30,0.0,0.0,0.004,0.004,0.004
1327,18/01/2000 05:52:45,0.0,0.0,0.004,0.004,0.004
1328,18/01/2000 05:53:00,0.0,0.0,0.004,0.004,0.004
1329,18/01/2000 05:53:15,0.0,0.0,0.004,0.004,0.004
1330,18/01/2000 05:53:30,0.0,0.0,0.004,0.004,0.004
1331,18/01/2000 05:53:45,0.0,0.0,0.004,0.004,0.005
1332,18/01/2000 05:54:00,0.0,0.0,0.005,0.004,0.004
1333,18/01/2000 05:54:15,0.0,0.0,0.004,0.005,0.004
1334,18/01/2000 05:54:30,0.0,0.0,0.004,0.004,0.004
1335,18/01/2000 05:54:45,0.0,0.0,0.004,0.004,0.005
1336,18/01/2000 05:55:00,0.0,0.0,0.005,0.004,0.005
1337,18/01/2000 05:55:15,0.0,0.0,0.005,0.005,0.005
1338,18/01/2000 05:55:30,0.0,0.0,0.005,0.005,0.004
1339,18/01/2000 05:55:45,0.0,0.0,0.004,0.005,0.004
1340,18/01/2000 05:56:00,0.0,0.0,0.004,0.004,0.004
1341,18/01/2000 05:56:15,0.0,0.0,0.004,0.004,0.004
1342,18/01/2000 05:56:30,0.0,0.0,0.004,0.004,0.049
1343,18/01/2000 05:56:45,91.0,1.0,0.049,0.004,0.019
1344,18/01/2000 05:57:00,28.0,1.0,0.019,0.049,0.004
1345,18/01/2000 05:57:15,0.0,0.0,0.004,0.019,0.004
1346,18/01/2000 05:57:30,0.0,0.0,0.004,0.004,0.007
1347,18/01/2000 05:57:45,9.0,1.0,0.007,0.004,0.004
1348,18/01/2000 05:58:00,0.0,0.0,0.004,0.007,0.004
1349,18/01/2000 05:58:15,0.0,0.0,0.004,0.004,0.006
1350,18/01/2000 05:58:30,2.0,0.0,0.006,0.004,0.004
1351,18/01/2000 05:58:45,0.0,0.0,0.004,0.006,0.004
1352,18/01/2000 05:59:00,0.0,0.0,0.004,0.004,0.004
1353,18/01/2000 05:59:15,0.0,0.0,0.004,0.004,0.004
1354,18/01/2000 05:59:30,0.0,0.0,0.004,0.004,0.004
1355,18/01/2000 05:59:45,0.0,0.0,0.004,0.004,0.067
1356,18/01/2000 06:00:00,105.0,1.0,0.067,0.004,0.002
1357,18/01/2000 06:00:15,0.0,0.0,0.002,0.067,0.002
1358,18/01/2000 06:00:30,0.0,0.0,0.002,0.002,0.002
1359,18/01/2000 06:00:45,0.0,0.0,0.002,0.002,0.002
1360,18/01/2000 06:01:00,0.0,0.0,0.002,0.002,0.002
1361,18/01/2000 06:01:15,0.0,0.0,0.002,0.002,0.004
1362,18/01/2000 06:01:30,0.0,0.0,0.004,0.002,0.004
1363,18/01/2000 06:01:45,0.0,0.0,0.004,0.004,0.004
1364,18/01/2000 06:02:00,0.0,0.0,0.004,0.004,0.004
1365,18/01/2000 06:02:15,0.0,0.0,0.004,0.004,0.004
1366,18/01/2000 06:02:30,7.0,0.0,0.004,0.004,0.004
1367,18/01/2000 06:02:45,0.0,0.0,0.004,0.004,0.004
1368,18/01/2000 06:03:00,15.0,1.0,0.004,0.004,0.004
1369,18/01/2000 06:03:15,0.0,0.0,0.004,0.004,0.004
1370,18/01/2000 06:03:30,0.0,0.0,0.004,0.004,0.004
1371,18/01/2000 06:03:45,34.0,1.0,0.004,0.004,0.004
1372,18/01/2000 06:04:00,0.0,0.0,0.004,0.004,0.004
1373,18/01/2000 06:04:15,0.0,0.0,0.004,0.004,0.004
1374,18/01/2000 06:04:30,0.0,0.0,0.004,0.004,0.004
1375,18/01/2000 06:04:45,0.0,0.0,0.004,0.004,0.004
1376,18/01/2000 06:05:00,18.0,1.0,0.004,0.004,0.004
1377,18/01/2000 06:05:15,0.0,0.0,0.004,0.004,0.004
1378,18/01/2000 06:05:30,0.0,0.0,0.004,0.004,0.004
1379,18/01/2000 06:05:45,16.0,1.0,0.004,0.004,0.004
1380,18/01/2000 06:06:00,0.0,0.0,0.004,0.004,0.004
1381,18/01/2000 06:06:15,0.0,0.0,0.004,0.004,0.004
1382,18/01/2000 06:06:30,0.0,0.0,0.004,0.004,0.004
1383,18/01/2000 06:06:45,0.0,0.0,0.004,0.004,0.004
1384,18/01/2000 06:07:00,0.0,0.0,0.004,0.004,0.004
1385,18/01/2000 06:07:15,0.0,0.0,0.004,0.004,0.004
1386,18/01/2000 06:07:30,0.0,0.0,0.004,0.004,0.004
1387,18/01/2000 06:07:45,0.0,0.0,0.004,0.004,0.004
1388,18/01/2000 06:08:00,0.0,0.0,0.004,0.004,0.004
1389,18/01/2000 06:08:15,0.0,0.0,0.004,0.004,0.004
1390,18/01/2000 06:08:30,9.0,0.0,0.004,0.004,0.004
1391,18/01/2000 06:08:45,13.0,1.0,0.004,0.004,0.004
1392,18/01/2000 06:09:00,0.0,0.0,0.004,0.004,0.004
1393,18/01/2000 06:09:15,0.0,0.0,0.004,0.004,0.004
1394,18/01/2000 06:09:30,0.0,0.0,0.004,0.004,0.004
1395,18/01/2000 06:09:45,6.0,0.0,0.004,0.004,0.004
1396,18/01/2000 06:10:00,0.0,0.0,0.004,0.004,0.004
1397,18/01/2000 06:10:15,0.0,0.0,0.004,0.004,0.005
1398,18/01/2000 06:10:30,0.0,0.0,0.005,0.004,0.005
1399,18/01/2000 06:10:45,0.0,0.0,0.005,0.005,0.004
1400,18/01/2000 06:11:00,0.0,0.0,0.004,0.005,0.004
1401,18/01/2000 06:11:15,0.0,0.0,0.004,0.004,0.004
1402,18/01/2000 06:11:30,0.0,0.0,0.004,0.004,0.005
1403,18/01/2000 06:11:45,0.0,0.0,0.005,0.004,0.004
1404,18/01/2000 06:12:00,0.0,0.0,0.004,0.005,0.008
1405,18/01/2000 06:12:15,5.0,0.0,0.008,0.004,0.004
1406,18/01/2000 06:12:30,0.0,0.0,0.004,0.008,0.004
1407,18/01/2000 06:12:45,0.0,0.0,0.004,0.004,0.014
1408,18/01/2000 06:13:00,16.0,1.0,0.014,0.004,0.005
1409,18/01/2000 06:13:15,0.0,0.0,0.005,0.014,0.004
1410,18/01/2000 06:13:30,0.0,0.0,0.004,0.005,0.004
1411,18/01/2000 06:13:45,0.0,0.0,0.004,0.004,0.004
1412,18/01/2000 06:14:00,0.0,0.0,0.004,0.004,0.004
1413,18/01/2000 06:14:15,0.0,0.0,0.004,0.004,0.004
1414,18/01/2000 06:14:30,0.0,0.0,0.004,0.004,0.004
1415,18/01/2000 06:14:45,0.0,0.0,0.004,0.004,0.004
1416,18/01/2000 06:15:00,0.0,0.0,0.004,0.004,0.004
1417,18/01/2000 06:15:15,0.0,0.0,0.004,0.004,0.007
1418,18/01/2000 06:15:30,0.0,0.0,0.007,0.004,0.004
1419,18/01/2000 06:15:45,0.0,0.0,0.004,0.007,0.004
1420,18/01/2000 06:16:00,0.0,0.0,0.004,0.004,0.004
1421,18/01/2000 06:16:15,0.0,0.0,0.004,0.004,0.004
1422,18/01/2000 06:16:30,0.0,0.0,0.004,0.004,0.004
1423,18/01/2000 06:16:45,0.0,0.0,0.004,0.004,0.004
1424,18/01/2000 06:17:00,0.0,0.0,0.004,0.004,0.004
1425,18/01/2000 06:17:15,0.0,0.0,0.004,0.004,0.004
1426,18/01/2000 06:17:30,0.0,0.0,0.004,0.004,0.004
1427,18/01/2000 06:17:45,0.0,0.0,0.004,0.004,0.006
1428,18/01/2000 06:18:00,2.0,0.0,0.006,0.004,0.004
1429,18/01/2000 06:18:15,0.0,0.0,0.004,0.006,0.004
1430,18/01/2000 06:18:30,0.0,0.0,0.004,0.004,0.004
1431,18/01/2000 06:18:45,0.0,0.0,0.004,0.004,0.006
1432,18/01/2000 06:19:00,0.0,0.0,0.006,0.004,0.004
1433,18/01/2000 06:19:15,0.0,0.0,0.004,0.006,0.004
1434,18/01/2000 06:19:30,0.0,0.0,0.004,0.004,0.004
1435,18/01/2000 06:19:45,0.0,0.0,0.004,0.004,0.005
1436,18/01/2000 06:20:00,0.0,0.0,0.005,0.004,0.005
1437,18/01/2000 06:20:15,0.0,0.0,0.005,0.005,0.004
1438,18/01/2000 06:20:30,0.0,0.0,0.004,0.005,0.004
1439,18/01/2000 06:20:45,0.0,0.0,0.004,0.004,0.004
1440,18/01/2000 06:21:00,0.0,0.0,0.004,0.004,0.004
1441,18/01/2000 06:21:15,0.0,0.0,0.004,0.004,0.009
1442,18/01/2000 06:21:30,3.0,1.0,0.009,0.004,0.075
1443,18/01/2000 06:21:45,159.0,1.0,0.075,0.009,0.003
1444,18/01/2000 06:22:00,0.0,0.0,0.003,0.075,0.003
1445,18/01/2000 06:22:15,0.0,0.0,0.003,0.003,0.003
1446,18/01/2000 06:22:30,0.0,0.0,0.003,0.003,0.003
1447,18/01/2000 06:22:45,0.0,0.0,0.003,0.003,0.004
1448,18/01/2000 06:23:00,0.0,0.0,0.004,0.003,0.004
1449,18/01/2000 06:23:15,0.0,0.0,0.004,0.004,0.004
1450,18/01/2000 06:23:30,0.0,0.0,0.004,0.004,0.004
1451,18/01/2000 06:23:45,0.0,0.0,0.004,0.004,0.004
1452,18/01/2000 06:24:00,0.0,0.0,0.004,0.004,0.005
1453,18/01/2000 06:24:15,0.0,0.0,0.005,0.004,0.004
1454,18/01/2000 06:24:30,0.0,0.0,0.004,0.005,0.004
1455,18/01/2000 06:24:45,0.0,0.0,0.004,0.004,0.004
1456,18/01/2000 06:25:00,0.0,0.0,0.004,0.004,0.004
1457,18/01/2000 06:25:15,0.0,0.0,0.004,0.004,0.004
1458,18/01/2000 06:25:30,0.0,0.0,0.004,0.004,0.004
1459,18/01/2000 06:25:45,0.0,0.0,0.004,0.004,0.004
1460,18/01/2000 06:26:00,0.0,0.0,0.004,0.004,0.016
1461,18/01/2000 06:26:15,40.0,1.0,0.016,0.004,0.003
1462,18/01/2000 06:26:30,0.0,0.0,0.003,0.016,0.003
1463,18/01/2000 06:26:45,0.0,0.0,0.003,0.003,0.005
1464,18/01/2000 06:27:00,5.0,0.0,0.005,0.003,0.004
1465,18/01/2000 06:27:15,0.0,0.0,0.004,0.005,0.004
1466,18/01/2000 06:27:30,0.0,0.0,0.004,0.004,0.004
1467,18/01/2000 06:27:45,0.0,0.0,0.004,0.004,0.004
1468,18/01/2000 06:28:00,0.0,0.0,0.004,0.004,0.004
1469,18/01/2000 06:28:15,0.0,0.0,0.004,0.004,0.034
1470,18/01/2000 06:28:30,46.0,1.0,0.034,0.004,0.008
1471,18/01/2000 06:28:45,11.0,1.0,0.008,0.034,0.005
1472,18/01/2000 06:29:00,0.0,0.0,0.005,0.008,0.005
1473,18/01/2000 06:29:15,0.0,0.0,0.005,0.005,0.005
1474,18/01/2000 06:29:30,0.0,0.0,0.005,0.005,0.005
1475,18/01/2000 06:29:45,0.0,0.0,0.005,0.005,0.005
1476,18/01/2000 06:30:00,0.0,0.0,0.005,0.005,0.005
1477,18/01/2000 06:30:15,0.0,0.0,0.005,0.005,0.005
1478,18/01/2000 06:30:30,0.0,0.0,0.005,0.005,0.005
1479,18/01/2000 06:30:45,0.0,0.0,0.005,0.005,0.006
1480,18/01/2000 06:31:00,0.0,0.0,0.006,0.005,0.005
1481,18/01/2000 06:31:15,0.0,0.0,0.005,0.006,0.004
1482,18/01/2000 06:31:30,0.0,0.0,0.004,0.005,0.004
1483,18/01/2000 06:31:45,0.0,0.0,0.004,0.004,0.005
1484,18/01/2000 06:32:00,2.0,1.0,0.005,0.004,0.147
1485,18/01/2000 06:32:15,188.0,1.0,0.147,0.005,0.007
1486,18/01/2000 06:32:30,8.0,1.0,0.007,0.147,0.005
1487,18/01/2000 06:32:45,0.0,1.0,0.005,0.007,0.005
1488,18/01/2000 06:33:00,0.0,1.0,0.005,0.005,0.012
1489,18/01/2000 06:33:15,9.0,1.0,0.012,0.005,0.006
1490,18/01/2000 06:33:30,0.0,0.0,0.006,0.012,0.003
1491,18/01/2000 06:33:45,0.0,0.0,0.003,0.006,0.013
1492,18/01/2000 06:34:00,31.0,1.0,0.013,0.003,0.002
1493,18/01/2000 06:34:15,0.0,0.0,0.002,0.013,0.002
1494,18/01/2000 06:34:30,0.0,0.0,0.002,0.002,0.002
1495,18/01/2000 06:34:45,0.0,0.0,0.002,0.002,0.002
1496,18/01/2000 06:35:00,0.0,0.0,0.002,0.002,0.002
1497,18/01/2000 06:35:15,0.0,0.0,0.002,0.002,0.002
1498,18/01/2000 06:35:30,0.0,0.0,0.002,0.002,0.002
1499,18/01/2000 06:35:45,0.0,0.0,0.002,0.002,0.002
1500,18/01/2000 06:36:00,0.0,0.0,0.002,0.002,0.002
1501,18/01/2000 06:36:15,0.0,0.0,0.002,0.002,0.003
1502,18/01/2000 06:36:30,0.0,0.0,0.003,0.002,0.002
1503,18/01/2000 06:36:45,0.0,0.0,0.002,0.003,0.002
1504,18/01/2000 06:37:00,0.0,0.0,0.002,0.002,0.011
1505,18/01/2000 06:37:15,8.0,0.0,0.011,0.002,0.005
1506,18/01/2000 06:37:30,0.0,0.0,0.005,0.011,0.005
1507,18/01/2000 06:37:45,0.0,0.0,0.005,0.005,0.005
1508,18/01/2000 06:38:00,0.0,0.0,0.005,0.005,0.006
1509,18/01/2000 06:38:15,0.0,0.0,0.006,0.005,0.006
1510,18/01/2000 06:38:30,2.0,0.0,0.006,0.006,0.006
1511,18/01/2000 06:38:45,0.0,0.0,0.006,0.006,0.004
1512,18/01/2000 06:39:00,0.0,0.0,0.004,0.006,0.004
1513,18/01/2000 06:39:15,0.0,0.0,0.004,0.004,0.005
1514,18/01/2000 06:39:30,0.0,0.0,0.005,0.004,0.004
1515,18/01/2000 06:39:45,0.0,0.0,0.004,0.005,0.004
1516,18/01/2000 06:40:00,0.0,0.0,0.004,0.004,0.007
1517,18/01/2000 06:40:15,0.0,0.0,0.007,0.004,0.007
1518,18/01/2000 06:40:30,0.0,0.0,0.007,0.007,0.007
1519,18/01/2000 06:40:45,0.0,0.0,0.007,0.007,0.005
1520,18/01/2000 06:41:00,0.0,0.0,0.005,0.007,0.005
1521,18/01/2000 06:41:15,0.0,0.0,0.005,0.005,0.005
1522,18/01/2000 06:41:30,0.0,0.0,0.005,0.005,0.005
1523,18/01/2000 06:41:45,0.0,0.0,0.005,0.005,0.005
1524,18/01/2000 06:42:00,0.0,0.0,0.005,0.005,0.005
1525,18/01/2000 06:42:15,0.0,0.0,0.005,0.005,0.005
1526,18/01/2000 06:42:30,0.0,0.0,0.005,0.005,0.005
1527,18/01/2000 06:42:45,0.0,0.0,0.005,0.005,0.005
1528,18/01/2000 06:43:00,0.0,0.0,0.005,0.005,0.005
1529,18/01/2000 06:43:15,0.0,0.0,0.005,0.005,0.04
1530,18/01/2000 06:43:30,73.0,1.0,0.04,0.005,0.019
1531,18/01/2000 06:43:45,38.0,1.0,0.019,0.04,0.005
1532,18/01/2000 06:44:00,0.0,0.0,0.005,0.019,0.005
1533,18/01/2000 06:44:15,0.0,0.0,0.005,0.005,0.004
1534,18/01/2000 06:44:30,0.0,0.0,0.004,0.005,0.008
1535,18/01/2000 06:44:45,6.0,1.0,0.008,0.004,0.015
1536,18/01/2000 06:45:00,20.0,1.0,0.015,0.008,0.006
1537,18/01/2000 06:45:15,3.0,0.0,0.006,0.015,0.002
1538,18/01/2000 06:45:30,0.0,0.0,0.002,0.006,0.024
1539,18/01/2000 06:45:45,28.0,1.0,0.024,0.002,0.002
1540,18/01/2000 06:46:00,0.0,0.0,0.002,0.024,0.002
1541,18/01/2000 06:46:15,0.0,0.0,0.002,0.002,0.002
1542,18/01/2000 06:46:30,0.0,0.0,0.002,0.002,0.002
1543,18/01/2000 06:46:45,0.0,0.0,0.002,0.002,0.004
1544,18/01/2000 06:47:00,7.0,0.0,0.004,0.002,0.002
1545,18/01/2000 06:47:15,0.0,0.0,0.002,0.004,0.002
1546,18/01/2000 06:47:30,0.0,0.0,0.002,0.002,0.002
1547,18/01/2000 06:47:45,0.0,0.0,0.002,0.002,0.002
1548,18/01/2000 06:48:00,0.0,0.0,0.002,0.002,0.002
1549,18/01/2000 06:48:15,0.0,0.0,0.002,0.002,0.002
1550,18/01/2000 06:48:30,3.0,0.0,0.002,0.002,0.002
1551,18/01/2000 06:48:45,0.0,0.0,0.002,0.002,0.002
1552,18/01/2000 06:49:00,0.0,0.0,0.002,0.002,0.016
1553,18/01/2000 06:49:15,21.0,1.0,0.016,0.002,0.025
1554,18/01/2000 06:49:30,40.0,1.0,0.025,0.016,0.003
1555,18/01/2000 06:49:45,0.0,0.0,0.003,0.025,0.003
1556,18/01/2000 06:50:00,0.0,0.0,0.003,0.003,0.023
1557,18/01/2000 06:50:15,44.0,1.0,0.023,0.003,0.002
1558,18/01/2000 06:50:30,0.0,0.0,0.002,0.023,0.01
1559,18/01/2000 06:50:45,11.0,1.0,0.01,0.002,0.046
1560,18/01/2000 06:51:00,50.0,1.0,0.046,0.01,0.003
1561,18/01/2000 06:51:15,0.0,1.0,0.003,0.046,0.021
1562,18/01/2000 06:51:30,15.0,1.0,0.021,0.003,0.053
1563,18/01/2000 06:51:45,121.0,1.0,0.053,0.021,0.003
1564,18/01/2000 06:52:00,0.0,0.0,0.003,0.053,0.003
1565,18/01/2000 06:52:15,0.0,0.0,0.003,0.003,0.003
1566,18/01/2000 06:52:30,0.0,0.0,0.003,0.003,0.003
1567,18/01/2000 06:52:45,0.0,0.0,0.003,0.003,0.003
1568,18/01/2000 06:53:00,0.0,0.0,0.003,0.003,0.003
1569,18/01/2000 06:53:15,0.0,0.0,0.003,0.003,0.003
1570,18/01/2000 06:53:30,0.0,0.0,0.003,0.003,0.003
1571,18/01/2000 06:53:45,0.0,0.0,0.003,0.003,0.003
1572,18/01/2000 06:54:00,0.0,0.0,0.003,0.003,0.003
1573,18/01/2000 06:54:15,0.0,0.0,0.003,0.003,0.003
1574,18/01/2000 06:54:30,0.0,0.0,0.003,0.003,0.003
1575,18/01/2000 06:54:45,0.0,0.0,0.003,0.003,0.003
1576,18/01/2000 06:55:00,0.0,0.0,0.003,0.003,0.007
1577,18/01/2000 06:55:15,6.0,0.0,0.007,0.003,0.003
1578,18/01/2000 06:55:30,0.0,0.0,0.003,0.007,0.003
1579,18/01/2000 06:55:45,0.0,0.0,0.003,0.003,0.003
1580,18/01/2000 06:56:00,0.0,0.0,0.003,0.003,0.003
1581,18/01/2000 06:56:15,0.0,0.0,0.003,0.003,0.004
1582,18/01/2000 06:56:30,0.0,0.0,0.004,0.003,0.003
1583,18/01/2000 06:56:45,0.0,0.0,0.003,0.004,0.004
1584,18/01/2000 06:57:00,0.0,0.0,0.004,0.003,0.003
1585,18/01/2000 06:57:15,0.0,0.0,0.003,0.004,0.004
1586,18/01/2000 06:57:30,0.0,0.0,0.004,0.003,0.004
1587,18/01/2000 06:57:45,0.0,0.0,0.004,0.004,0.004
1588,18/01/2000 06:58:00,0.0,0.0,0.004,0.004,0.03
1589,18/01/2000 06:58:15,54.0,1.0,0.03,0.004,0.002
1590,18/01/2000 06:58:30,0.0,0.0,0.002,0.03,0.002
1591,18/01/2000 06:58:45,0.0,0.0,0.002,0.002,0.002
1592,18/01/2000 06:59:00,0.0,0.0,0.002,0.002,0.002
1593,18/01/2000 06:59:15,0.0,0.0,0.002,0.002,0.002
1594,18/01/2000 06:59:30,0.0,0.0,0.002,0.002,0.003
1595,18/01/2000 06:59:45,0.0,0.0,0.003,0.002,0.003
1596,18/01/2000 07:00:00,0.0,0.0,0.003,0.003,0.003
1597,18/01/2000 07:00:15,7.0,0.0,0.003,0.003,0.001
1598,18/01/2000 07:00:30,0.0,0.0,0.001,0.003,0.001
1599,18/01/2000 07:00:45,0.0,0.0,0.001,0.001,0.002
1600,18/01/2000 07:01:00,0.0,0.0,0.002,0.001,0.001
1601,18/01/2000 07:01:15,0.0,0.0,0.001,0.002,0.002
1602,18/01/2000 07:01:30,0.0,0.0,0.002,0.001,0.002
1603,18/01/2000 07:01:45,0.0,0.0,0.002,0.002,0.002
1604,18/01/2000 07:02:00,0.0,0.0,0.002,0.002,0.002
1605,18/01/2000 07:02:15,0.0,0.0,0.002,0.002,0.003
1606,18/01/2000 07:02:30,0.0,0.0,0.003,0.002,0.002
1607,18/01/2000 07:02:45,0.0,0.0,0.002,0.003,0.002
1608,18/01/2000 07:03:00,0.0,0.0,0.002,0.002,0.001
1609,18/01/2000 07:03:15,0.0,0.0,0.001,0.002,0.002
1610,18/01/2000 07:03:30,0.0,0.0,0.002,0.001,0.002
1611,18/01/2000 07:03:45,0.0,0.0,0.002,0.002,0.002
1612,18/01/2000 07:04:00,0.0,0.0,0.002,0.002,0.002
1613,18/01/2000 07:04:15,0.0,0.0,0.002,0.002,0.003
1614,18/01/2000 07:04:30,2.0,0.0,0.003,0.002,0.002
1615,18/01/2000 07:04:45,0.0,0.0,0.002,0.003,0.002
1616,18/01/2000 07:05:00,0.0,0.0,0.002,0.002,0.003
1617,18/01/2000 07:05:15,0.0,0.0,0.003,0.002,0.009
1618,18/01/2000 07:05:30,5.0,0.0,0.009,0.003,0.006
1619,18/01/2000 07:05:45,11.0,1.0,0.006,0.009,0.001
1620,18/01/2000 07:06:00,0.0,0.0,0.001,0.006,0.003
1621,18/01/2000 07:06:15,0.0,0.0,0.003,0.001,0.001
1622,18/01/2000 07:06:30,0.0,0.0,0.001,0.003,0.001
1623,18/01/2000 07:06:45,0.0,0.0,0.001,0.001,0.002
1624,18/01/2000 07:07:00,0.0,0.0,0.002,0.001,0.002
1625,18/01/2000 07:07:15,0.0,0.0,0.002,0.002,0.002
1626,18/01/2000 07:07:30,0.0,0.0,0.002,0.002,0.05
1627,18/01/2000 07:07:45,70.0,1.0,0.05,0.002,0.003
1628,18/01/2000 07:08:00,0.0,0.0,0.003,0.05,0.002
1629,18/01/2000 07:08:15,0.0,0.0,0.002,0.003,0.002
1630,18/01/2000 07:08:30,0.0,0.0,0.002,0.002,0.003
1631,18/01/2000 07:08:45,0.0,0.0,0.003,0.002,0.003
1632,18/01/2000 07:09:00,0.0,0.0,0.003,0.003,0.005
1633,18/01/2000 07:09:15,11.0,1.0,0.005,0.003,0.003
1634,18/01/2000 07:09:30,0.0,0.0,0.003,0.005,0.003
1635,18/01/2000 07:09:45,0.0,0.0,0.003,0.003,0.003
1636,18/01/2000 07:10:00,0.0,0.0,0.003,0.003,0.003
1637,18/01/2000 07:10:15,0.0,0.0,0.003,0.003,0.003
1638,18/01/2000 07:10:30,0.0,0.0,0.003,0.003,0.003
1639,18/01/2000 07:10:45,0.0,0.0,0.003,0.003,0.05
1640,18/01/2000 07:11:00,94.0,1.0,0.05,0.003,0.002
1641,18/01/2000 07:11:15,0.0,0.0,0.002,0.05,0.005
1642,18/01/2000 07:11:30,0.0,0.0,0.005,0.002,0.002
1643,18/01/2000 07:11:45,0.0,0.0,0.002,0.005,0.002
1644,18/01/2000 07:12:00,0.0,0.0,0.002,0.002,0.002
1645,18/01/2000 07:12:15,0.0,0.0,0.002,0.002,0.016
1646,18/01/2000 07:12:30,9.0,0.0,0.016,0.002,0.002
1647,18/01/2000 07:12:45,0.0,0.0,0.002,0.016,0.002
1648,18/01/2000 07:13:00,0.0,0.0,0.002,0.002,0.002
1649,18/01/2000 07:13:15,0.0,0.0,0.002,0.002,0.002
1650,18/01/2000 07:13:30,0.0,0.0,0.002,0.002,0.002
1651,18/01/2000 07:13:45,0.0,0.0,0.002,0.002,0.004
1652,18/01/2000 07:14:00,0.0,0.0,0.004,0.002,0.002
1653,18/01/2000 07:14:15,0.0,0.0,0.002,0.004,0.002
1654,18/01/2000 07:14:30,0.0,0.0,0.002,0.002,0.002
1655,18/01/2000 07:14:45,0.0,0.0,0.002,0.002,0.018
1656,18/01/2000 07:15:00,12.0,1.0,0.018,0.002,0.002
1657,18/01/2000 07:15:15,0.0,1.0,0.002,0.018,0.001
1658,18/01/2000 07:15:30,0.0,1.0,0.001,0.002,0.001
1659,18/01/2000 07:15:45,0.0,1.0,0.001,0.001,0.161
1660,18/01/2000 07:16:00,237.0,1.0,0.161,0.001,0.004
1661,18/01/2000 07:16:15,0.0,1.0,0.004,0.161,0.003
1662,18/01/2000 07:16:30,0.0,1.0,0.003,0.004,0.003
1663,18/01/2000 07:16:45,0.0,1.0,0.003,0.003,0.003
1664,18/01/2000 07:17:00,0.0,1.0,0.003,0.003,0.003
1665,18/01/2000 07:17:15,0.0,0.0,0.003,0.003,0.003
1666,18/01/2000 07:17:30,0.0,0.0,0.003,0.003,0.003
1667,18/01/2000 07:17:45,0.0,0.0,0.003,0.003,0.003
1668,18/01/2000 07:18:00,0.0,0.0,0.003,0.003,0.003
1669,18/01/2000 07:18:15,0.0,0.0,0.003,0.003,0.003
1670,18/01/2000 07:18:30,0.0,0.0,0.003,0.003,0.004
1671,18/01/2000 07:18:45,0.0,0.0,0.004,0.003,0.006
1672,18/01/2000 07:19:00,2.0,0.0,0.006,0.004,0.004
1673,18/01/2000 07:19:15,0.0,0.0,0.004,0.006,0.004
1674,18/01/2000 07:19:30,0.0,0.0,0.004,0.004,0.003
1675,18/01/2000 07:19:45,0.0,0.0,0.003,0.004,0.004
1676,18/01/2000 07:20:00,0.0,0.0,0.004,0.003,0.004
1677,18/01/2000 07:20:15,0.0,0.0,0.004,0.004,0.004
1678,18/01/2000 07:20:30,0.0,0.0,0.004,0.004,0.003
1679,18/01/2000 07:20:45,0.0,0.0,0.003,0.004,0.003
1680,18/01/2000 07:21:00,0.0,0.0,0.003,0.003,0.003
1681,18/01/2000 07:21:15,0.0,0.0,0.003,0.003,0.004
1682,18/01/2000 07:21:30,0.0,0.0,0.004,0.003,0.004
1683,18/01/2000 07:21:45,0.0,0.0,0.004,0.004,0.03
1684,18/01/2000 07:22:00,46.0,1.0,0.03,0.004,0.003
1685,18/01/2000 07:22:15,0.0,0.0,0.003,0.03,0.059
1686,18/01/2000 07:22:30,46.0,1.0,0.059,0.003,0.003
1687,18/01/2000 07:22:45,5.0,0.0,0.003,0.059,0.002
1688,18/01/2000 07:23:00,0.0,0.0,0.002,0.003,0.002
1689,18/01/2000 07:23:15,0.0,0.0,0.002,0.002,0.003
1690,18/01/2000 07:23:30,0.0,0.0,0.003,0.002,0.002
1691,18/01/2000 07:23:45,0.0,0.0,0.002,0.003,0.002
1692,18/01/2000 07:24:00,0.0,0.0,0.002,0.002,0.002
1693,18/01/2000 07:24:15,0.0,0.0,0.002,0.002,0.002
1694,18/01/2000 07:24:30,0.0,0.0,0.002,0.002,0.002
1695,18/01/2000 07:24:45,0.0,0.0,0.002,0.002,0.002
1696,18/01/2000 07:25:00,0.0,0.0,0.002,0.002,0.002
1697,18/01/2000 07:25:15,0.0,0.0,0.002,0.002,0.002
1698,18/01/2000 07:25:30,0.0,0.0,0.002,0.002,0.002
1699,18/01/2000 07:25:45,0.0,0.0,0.002,0.002,0.002
1700,18/01/2000 07:26:00,0.0,0.0,0.002,0.002,0.002
1701,18/01/2000 07:26:15,0.0,0.0,0.002,0.002,0.002
1702,18/01/2000 07:26:30,0.0,0.0,0.002,0.002,0.002
1703,18/01/2000 07:26:45,0.0,0.0,0.002,0.002,0.002
1704,18/01/2000 07:27:00,0.0,0.0,0.002,0.002,0.002
1705,18/01/2000 07:27:15,0.0,0.0,0.002,0.002,0.002
1706,18/01/2000 07:27:30,0.0,0.0,0.002,0.002,0.07
1707,18/01/2000 07:27:45,97.0,1.0,0.07,0.002,0.002
1708,18/01/2000 07:28:00,0.0,0.0,0.002,0.07,0.002
1709,18/01/2000 07:28:15,0.0,0.0,0.002,0.002,0.002
1710,18/01/2000 07:28:30,0.0,0.0,0.002,0.002,0.002
1711,18/01/2000 07:28:45,0.0,0.0,0.002,0.002,0.004
1712,18/01/2000 07:29:00,0.0,0.0,0.004,0.002,0.001
1713,18/01/2000 07:29:15,0.0,0.0,0.001,0.004,0.001
1714,18/01/2000 07:29:30,0.0,0.0,0.001,0.001,0.001
1715,18/01/2000 07:29:45,0.0,0.0,0.001,0.001,0.001
1716,18/01/2000 07:30:00,0.0,0.0,0.001,0.001,0.001
1717,18/01/2000 07:30:15,0.0,0.0,0.001,0.001,0.002
1718,18/01/2000 07:30:30,0.0,0.0,0.002,0.001,0.002
1719,18/01/2000 07:30:45,0.0,0.0,0.002,0.002,0.002
1720,18/01/2000 07:31:00,0.0,0.0,0.002,0.002,0.001
1721,18/01/2000 07:31:15,0.0,0.0,0.001,0.002,0.002
1722,18/01/2000 07:31:30,0.0,0.0,0.002,0.001,0.001
1723,18/01/2000 07:31:45,0.0,0.0,0.001,0.002,0.003
1724,18/01/2000 07:32:00,0.0,0.0,0.003,0.001,0.001
1725,18/01/2000 07:32:15,0.0,0.0,0.001,0.003,0.001
1726,18/01/2000 07:32:30,0.0,0.0,0.001,0.001,0.001
1727,18/01/2000 07:32:45,0.0,0.0,0.001,0.001,0.002
1728,18/01/2000 07:33:00,0.0,0.0,0.002,0.001,0.002
1729,18/01/2000 07:33:15,0.0,0.0,0.002,0.002,0.002
1730,18/01/2000 07:33:30,0.0,0.0,0.002,0.002,0.002
1731,18/01/2000 07:33:45,0.0,0.0,0.002,0.002,0.004
1732,18/01/2000 07:34:00,0.0,0.0,0.004,0.002,0.001
1733,18/01/2000 07:34:15,0.0,0.0,0.001,0.004,0.001
1734,18/01/2000 07:34:30,0.0,0.0,0.001,0.001,0.001
1735,18/01/2000 07:34:45,0.0,0.0,0.001,0.001,0.001
1736,18/01/2000 07:35:00,0.0,0.0,0.001,0.001,0.001
1737,18/01/2000 07:35:15,0.0,0.0,0.001,0.001,0.001
1738,18/01/2000 07:35:30,0.0,0.0,0.001,0.001,0.002
1739,18/01/2000 07:35:45,0.0,0.0,0.002,0.001,0.002
1740,18/01/2000 07:36:00,0.0,0.0,0.002,0.002,0.002
1741,18/01/2000 07:36:15,0.0,0.0,0.002,0.002,0.002
1742,18/01/2000 07:36:30,0.0,0.0,0.002,0.002,0.002
1743,18/01/2000 07:36:45,0.0,0.0,0.002,0.002,0.002
1744,18/01/2000 07:37:00,0.0,0.0,0.002,0.002,0.002
1745,18/01/2000 07:37:15,0.0,0.0,0.002,0.002,0.002
1746,18/01/2000 07:37:30,0.0,0.0,0.002,0.002,0.002
1747,18/01/2000 07:37:45,0.0,0.0,0.002,0.002,0.002
1748,18/01/2000 07:38:00,0.0,0.0,0.002,0.002,0.002
1749,18/01/2000 07:38:15,0.0,0.0,0.002,0.002,0.002
1750,18/01/2000 07:38:30,0.0,0.0,0.002,0.002,0.002
1751,18/01/2000 07:38:45,0.0,0.0,0.002,0.002,0.002
1752,18/01/2000 07:39:00,0.0,0.0,0.002,0.002,0.002
1753,18/01/2000 07:39:15,0.0,0.0,0.002,0.002,0.002
1754,18/01/2000 07:39:30,0.0,0.0,0.002,0.002,0.002
1755,18/01/2000 07:39:45,0.0,0.0,0.002,0.002,0.002
1756,18/01/2000 07:40:00,0.0,0.0,0.002,0.002,0.002
1757,18/01/2000 07:40:15,0.0,0.0,0.002,0.002,0.002
1758,18/01/2000 07:40:30,0.0,0.0,0.002,0.002,0.002
1759,18/01/2000 07:40:45,0.0,0.0,0.002,0.002,0.002
1760,18/01/2000 07:41:00,0.0,0.0,0.002,0.002,0.002
1761,18/01/2000 07:41:15,0.0,0.0,0.002,0.002,0.002
1762,18/01/2000 07:41:30,0.0,0.0,0.002,0.002,0.002
1763,18/01/2000 07:41:45,0.0,0.0,0.002,0.002,0.002
1764,18/01/2000 07:42:00,0.0,0.0,0.002,0.002,0.002
1765,18/01/2000 07:42:15,0.0,0.0,0.002,0.002,0.002
1766,18/01/2000 07:42:30,0.0,0.0,0.002,0.002,0.002
1767,18/01/2000 07:42:45,0.0,0.0,0.002,0.002,0.002
1768,18/01/2000 07:43:00,0.0,0.0,0.002,0.002,0.002
1769,18/01/2000 07:43:15,0.0,0.0,0.002,0.002,0.002
1770,18/01/2000 07:43:30,0.0,0.0,0.002,0.002,0.002
1771,18/01/2000 07:43:45,0.0,0.0,0.002,0.002,0.002
1772,18/01/2000 07:44:00,0.0,0.0,0.002,0.002,0.002
1773,18/01/2000 07:44:15,0.0,0.0,0.002,0.002,0.002
1774,18/01/2000 07:44:30,0.0,0.0,0.002,0.002,0.002
1775,18/01/2000 07:44:45,0.0,0.0,0.002,0.002,0.002
1776,18/01/2000 07:45:00,0.0,0.0,0.002,0.002,0.002
1777,18/01/2000 07:45:15,0.0,0.0,0.002,0.002,0.002
1778,18/01/2000 07:45:30,0.0,0.0,0.002,0.002,0.002
1779,18/01/2000 07:45:45,0.0,0.0,0.002,0.002,0.002
1780,18/01/2000 07:46:00,0.0,0.0,0.002,0.002,0.002
1781,18/01/2000 07:46:15,0.0,0.0,0.002,0.002,0.002
1782,18/01/2000 07:46:30,0.0,0.0,0.002,0.002,0.002
1783,18/01/2000 07:46:45,0.0,0.0,0.002,0.002,0.002
1784,18/01/2000 07:47:00,0.0,0.0,0.002,0.002,0.002
1785,18/01/2000 07:47:15,0.0,0.0,0.002,0.002,0.002
1786,18/01/2000 07:47:30,0.0,0.0,0.002,0.002,0.002
1787,18/01/2000 07:47:45,0.0,0.0,0.002,0.002,0.002
1788,18/01/2000 07:48:00,0.0,0.0,0.002,0.002,0.002
1789,18/01/2000 07:48:15,0.0,0.0,0.002,0.002,0.002
1790,18/01/2000 07:48:30,0.0,0.0,0.002,0.002,0.002
1791,18/01/2000 07:48:45,0.0,0.0,0.002,0.002,0.002
1792,18/01/2000 07:49:00,0.0,0.0,0.002,0.002,0.002
1793,18/01/2000 07:49:15,0.0,0.0,0.002,0.002,0.002
1794,18/01/2000 07:49:30,0.0,0.0,0.002,0.002,0.002
1795,18/01/2000 07:49:45,0.0,0.0,0.002,0.002,0.002
1796,18/01/2000 07:50:00,0.0,0.0,0.002,0.002,0.002
1797,18/01/2000 07:50:15,0.0,0.0,0.002,0.002,0.002
1798,18/01/2000 07:50:30,0.0,0.0,0.002,0.002,0.002
1799,18/01/2000 07:50:45,0.0,0.0,0.002,0.002,0.002
1800,18/01/2000 07:51:00,0.0,0.0,0.002,0.002,0.002
1801,18/01/2000 07:51:15,0.0,0.0,0.002,0.002,0.002
1802,18/01/2000 07:51:30,0.0,0.0,0.002,0.002,0.002
1803,18/01/2000 07:51:45,0.0,0.0,0.002,0.002,0.002
1804,18/01/2000 07:52:00,0.0,0.0,0.002,0.002,0.002
1805,18/01/2000 07:52:15,0.0,0.0,0.002,0.002,0.002
1806,18/01/2000 07:52:30,0.0,0.0,0.002,0.002,0.002
1807,18/01/2000 07:52:45,0.0,0.0,0.002,0.002,0.002
1808,18/01/2000 07:53:00,0.0,0.0,0.002,0.002,0.002
1809,18/01/2000 07:53:15,0.0,0.0,0.002,0.002,0.002
1810,18/01/2000 07:53:30,0.0,0.0,0.002,0.002,0.002
1811,18/01/2000 07:53:45,0.0,0.0,0.002,0.002,0.002
1812,18/01/2000 07:54:00,0.0,0.0,0.002,0.002,0.002
1813,18/01/2000 07:54:15,0.0,0.0,0.002,0.002,0.002
1814,18/01/2000 07:54:30,0.0,0.0,0.002,0.002,0.002
1815,18/01/2000 07:54:45,0.0,0.0,0.002,0.002,0.002
1816,18/01/2000 07:55:00,0.0,0.0,0.002,0.002,0.002
1817,18/01/2000 07:55:15,0.0,0.0,0.002,0.002,0.002
1818,18/01/2000 07:55:30,0.0,0.0,0.002,0.002,0.002
1819,18/01/2000 07:55:45,0.0,0.0,0.002,0.002,0.002
1820,18/01/2000 07:56:00,0.0,0.0,0.002,0.002,0.002
1821,18/01/2000 07:56:15,0.0,0.0,0.002,0.002,0.002
1822,18/01/2000 07:56:30,0.0,0.0,0.002,0.002,0.002
1823,18/01/2000 07:56:45,0.0,0.0,0.002,0.002,0.002
1824,18/01/2000 07:57:00,0.0,0.0,0.002,0.002,0.002
1825,18/01/2000 07:57:15,0.0,0.0,0.002,0.002,0.002
1826,18/01/2000 07:57:30,0.0,0.0,0.002,0.002,0.002
1827,18/01/2000 07:57:45,0.0,0.0,0.002,0.002,0.002
1828,18/01/2000 07:58:00,0.0,0.0,0.002,0.002,0.002
1829,18/01/2000 07:58:15,0.0,0.0,0.002,0.002,0.002
1830,18/01/2000 07:58:30,0.0,1.0,0.002,0.002,0.002
1831,18/01/2000 07:58:45,0.0,1.0,0.002,0.002,0.002
1832,18/01/2000 07:59:00,0.0,1.0,0.002,0.002,0.002
1833,18/01/2000 07:59:15,0.0,1.0,0.002,0.002,0.002
1834,18/01/2000 07:59:30,0.0,1.0,0.002,0.002,0.002
1835,18/01/2000 07:59:45,0.0,,0.002,0.002,0.109
1836,18/01/2000 08:00:00,134.0,,0.109,0.002,0.633
1837,18/01/2000 08:00:15,176.0,,0.633,0.109,3.342
1838,18/01/2000 08:00:30,880.0,,3.342,0.633,0.173
1839,18/01/2000 08:00:45,,,0.173,3.342,0.024
1840,18/01/2000 08:01:00,,,0.024,0.173,0.004
1841,18/01/2000 08:01:15,,,0.004,0.024,0.004
